"ID","Fecha","Sexo","Edad","Nivel_estudios","Experiencia_inversion","Intencion_ahorro","Pretest","Postest_1","Postest_2","Ansiedad","Bienestar","Intencion_compra","Necesidad_cognicion","Resiliencia","Planificacion","Confortar","Neuroticismo","Nomofobia","SARIMA_serie","ARIMA_serie","ETS_serie","GARCH_serie","VAR_serie_1","VAR_serie_2","VECM_serie_1","VECM_serie_2"
1,2024-01-08,"Mujer","18-22","Bajo","No","Bajo",5,5,8,25.9,70,70.8,52.1,50,19.3,24.6,27.8,63.2,54.8805477371818,100.565545227843,30.7372217234472,-0.624717445001537,50,40,19.46382965928,15.9039457125806
2,2024-01-09,"Mujer","18-22","Bajo","No","Bajo",7,9,9,31.7,70,84.5,39.2,48.7,16.1,25.3,28.8,65,56.7843382144909,99.2148784353841,37.6282856734941,1.33555046024258,51.0140225555757,40.6403176925339,20.7202296262462,14.7815599517299
3,2024-01-11,"Hombre","18-22","Medio","No","Bajo",4,5,5,32.5,70,66.1,42.2,50,18,18.3,27.7,64,55.8422156262244,99.746910074497,36.7125803797891,0.239253214463709,54.2298960234867,40.4069519716704,20.8743810089328,14.7741567092491
4,2024-01-14,"Mujer","33-37","Alto","SI","Alto",9,11,12,29,70,67,36.6,50,19.2,23.8,29.2,48.7,56.6377726193424,100.683032362213,30.9012356010675,1.40261785970275,51.0515110429313,42.2740875260463,21.7293057743775,16.0299469045217
5,2024-01-15,"Hombre","23-27","Bajo","No","Bajo",10,10,12,21.1,70,64.8,40.6,50,19.3,27.3,24.4,50.6,59.2102621111443,102.167443506017,33.5135030083329,-3.26192793600243,49.935206016897,40.6708096634295,22.9417559357325,17.6267159749836
6,2024-01-16,"Hombre","18-22","Medio","No","Alto",5,9,8,10,70,70.2,45.9,50,15.3,10,22,56,59.5810874946062,101.662368325728,26.406274973138,3.52281268949655,51.8615271224055,40.9187269462059,22.5406686235897,15.9349420367318
7,2024-01-19,"Hombre","38-42","Bajo","No","Bajo",11,12,12,35.5,70,59.9,31,50,11.6,23.8,35.8,43.2,58.8166950696589,99.6025483363669,27.1421125055316,2.05083498392715,48.950261344803,40.7481447742367,23.7255478298807,17.4134787503932
8,2024-01-20,"Hombre","33-37","Medio","No","Medio",7,6,9,11.2,70,65.1,39.8,50,14,22.7,23.1,63.8,60.7408288052117,98.7232008761889,23.9682424664147,3.69896302664107,50.8263561959035,40.0865432575757,23.1964229653796,18.2276946453262
9,2024-01-24,"Mujer","23-27","Bajo","No","Medio",8,9,8,29.7,70,68.1,40.3,49.8,22.5,25.1,35.5,58.6,60.5606555006345,99.3261311600144,27.901531098485,0.529788489082283,50.2860615223364,40.8061772848067,23.9959658012262,16.7103515878567
10,2024-01-26,"Hombre","23-27","Medio","No","Alto",8,9,10,18.2,70,56.1,52.8,50,23.1,19.1,26.8,51.2,62.2016976474124,102.666888069035,24.1624388343053,0.130188609836422,50.8841830569875,38.7418861162602,26.5172539664387,19.8560792324051
11,2024-01-27,"Hombre","23-27","Medio","No","Medio",10,11,12,26.7,70,59.9,25,48.9,17.8,22.1,31.4,52.5,60.6440324546645,101.827381708403,26.6011850876641,0.409869238863918,49.002467910078,39.6535625976163,24.7393064869301,18.8481571493188
12,2024-01-27,"Mujer","18-22","Alto","No","Medio",6,7,9,23.5,70,64.1,47.3,50,15.7,25.3,31.4,56.5,58.0426438703814,99.9845068149323,30.3590378431024,-0.187970181768189,50.9589746087977,39.9819503935122,24.8247144257002,19.2109365323813
13,2024-01-29,"Hombre","33-37","Bajo","SI","Medio",9,9,9,28.1,70,62.4,41.9,50,20.2,18.1,37.8,57.5,56.6396500386292,99.8620978415298,36.5507200023911,-1.2514980272591,50.1027264038875,39.9297657268588,25.8699749487196,18.4764150273729
14,2024-01-30,"Mujer","23-27","Alto","SI","Medio",8,10,10,33.5,70,60.3,49.3,48.2,16.8,18.2,33.8,70,57.3983522609159,102.585164631428,36.1448132865341,3.18299536242741,50.1361860532487,39.2193539607331,26.361874829914,19.217430760174
15,2024-01-30,"Hombre","38-42","Medio","No","Medio",9,10,11,27.9,70,61.7,42,50,19.1,21.9,35.5,45.3,57.6063137405839,103.784431987807,37.7236848657419,3.60247801320988,49.9574709262569,38.7084012821727,28.1106589743402,20.7369736983139
16,2024-01-31,"Hombre","33-37","Bajo","No","Bajo",9,8,11,39.3,70,57.4,28.2,49.6,17.9,26.6,31,57.9,56.4016589709382,103.301982677152,36.5046106321452,0.199988176934367,49.5306931966809,40.0162314840286,28.4663277923234,22.156106829358
17,2024-02-02,"Hombre","23-27","Medio","No","Medio",9,9,11,31.4,70,66.3,37.7,50,18.7,17.1,24.9,57.5,56.8305657312252,102.183448134157,36.1196356859532,-1.96262763521617,49.3643461298669,39.411963208952,31.4121108306771,24.3105152735449
18,2024-02-03,"Hombre","38-42","Alto","No","Alto",8,9,9,27.4,70,62.4,56.5,50,21.5,18.7,28.8,52.3,54.180002546716,101.738475383271,30.2568807819633,-0.602098563862344,50.5302887055956,40.4538284139581,33.8335597484138,24.5471956529646
19,2024-02-04,"Hombre","38-42","Alto","SI","Medio",7,8,10,12.3,70,78,38.3,50,16.7,18.7,24.2,57.5,53.6214963995268,102.528516825788,30.0114698383172,-2.33855017779042,51.3904605192954,40.6585915176092,33.6938229627916,26.1236107592897
20,2024-02-04,"Mujer","23-27","Bajo","SI","Bajo",8,10,11,27.3,70,50.3,42.8,47.4,17.6,19.1,35.3,58.1,53.4768246041162,102.557690404528,33.1101282974691,-1.63479822171221,50.6341537413832,38.7154251631519,34.2724568902852,25.6801997771947
21,2024-02-07,"Hombre","18-22","Medio","No","Bajo",7,10,10,32.8,70,69.3,48.2,50,17.2,22,38.3,70,54.5737414623358,102.080733533741,28.8989994133474,0.35281193039674,50.5340846403493,39.9591139827673,32.9342298985038,23.8679755994023
22,2024-02-08,"Hombre","33-37","Medio","No","Medio",8,10,12,37.6,70,51,35.3,41.2,17,25.7,36.1,51.1,51.9438725444594,102.911349297533,27.9192185562375,-0.475370765464883,49.1137293413068,39.5926500356109,30.7050860598314,23.0623885341653
23,2024-02-16,"Mujer","33-37","Bajo","No","Bajo",8,10,10,10,70,61.8,32,50,14.8,22.2,27.7,59.7,51.2950371344964,101.421138439536,29.4463842871408,-0.308339447447241,49.4219603465569,39.3756804503444,31.3059455379867,22.1733265415681
24,2024-02-20,"Hombre","18-22","Medio","No","Medio",11,12,12,19.3,70,63.2,52.4,50,19.5,17.2,28.4,54.5,50.8159572981616,100.580517822586,31.8061502339851,1.7590823141611,48.2894838754613,39.2562440985482,32.8684870346764,23.3539179581459
25,2024-02-23,"Mujer","28-32","Bajo","SI","Bajo",7,8,9,17.7,70,71.3,31.9,50,10,21.3,22,59.9,51.0617734754731,103.901232303529,33.7610908130681,0.69503837788732,50.0774385276633,38.837407889494,32.9357439543485,24.2975808033665
26,2024-02-29,"Mujer","18-22","Alto","No","Medio",8,10,10,17.2,70,67.6,39.4,50,19,20.3,29.5,54.5,48.5408576706084,102.799160221161,37.7088446630804,0.574475874711929,49.8245477420661,40.1645574008191,33.09947774019,23.7516886037522
27,2024-03-01,"Hombre","18-22","Bajo","No","Bajo",9,10,11,19.3,70,72.4,26.6,50,10,17.6,29.8,70,47.0594608777936,101.153981574853,36.0928209072396,-1.56283966305429,49.4805789423437,39.6056618135454,32.1636726097328,23.7083645490145
28,2024-03-02,"Hombre","23-27","Alto","No","Medio",8,8,9,38.2,70,63.1,48.5,44.3,17.5,24.9,41.3,67.1,46.5682999375296,101.721050558748,41.7162212306862,-1.9310127993233,50.6426891617923,38.959483978448,33.8460629952905,25.1671433728614
29,2024-03-05,"Hombre","28-32","Bajo","No","Medio",6,7,8,20.5,70,69.7,61.4,50,24.3,18.7,21.3,59.2,45.761372379842,102.953233466087,33.9294123224592,1.57197030704403,51.7998751492448,39.4005590214864,34.1012179030862,24.8377171694947
30,2024-03-06,"Mujer","38-42","Alto","No","Medio",7,7,9,31.2,70,63.1,63.1,47.2,20,22.5,27.2,50.4,45.1540705954498,103.298907816926,33.8684197638026,1.67447575605896,51.4916551836412,40.6490265551172,33.6051827338855,25.3426170793522
31,2024-03-06,"Hombre","28-32","Alto","No","Medio",7,9,10,31.6,70,65.9,43.8,50,18.7,17.8,27.6,50.2,44.5306538553322,104.638499224521,30.0086226071262,-2.52169396881215,50.777791166242,39.9804552119963,33.0500181837299,24.0206721118512
32,2024-03-07,"Mujer","23-27","Alto","SI","Alto",8,10,12,30.9,70,65.8,45.9,49.6,19.4,21.5,27.8,70,46.1900924428932,104.461372136034,27.8511980055228,0.605273194587788,49.6721817035161,41.3290170332843,30.5765108820968,23.1292940912029
33,2024-03-09,"Mujer","18-22","Bajo","No","Medio",8,9,11,14.8,70,62.8,38.7,50,21.5,20.6,26.9,67.3,44.3420663592509,104.731020412141,27.3946265768684,1.60782213118887,49.8155950629477,42.5155407581484,29.6643709470809,22.185636148809
34,2024-03-10,"Hombre","33-37","Medio","SI","Medio",8,10,11,15.4,70,62.6,42.6,50,17.1,16.4,26,55.8,42.0002989163027,105.385044133459,25.292393309222,-2.12244068769571,50.1872996587401,41.8494712417301,31.2898898279895,22.7892509264671
35,2024-03-12,"Mujer","18-22","Medio","No","Bajo",8,11,11,30.3,70,77.7,39.5,49.7,15.7,27.3,35.1,68.8,43.8527280639661,103.980553785176,30.9206110602452,3.42377545738156,49.5487115734787,39.5541881671129,29.8289705780529,20.9704196422474
36,2024-03-15,"Mujer","23-27","Alto","No","Alto",7,8,9,42.6,70,64.1,56.3,50,23.8,27.5,27.1,59.2,42.1800904540184,104.124665124809,33.1868403599866,-1.25558858486002,50.4552292675984,39.6031779362535,28.9699155135796,20.8571484002259
37,2024-03-16,"Mujer","23-27","Medio","SI","Medio",7,8,9,30.6,70,54.5,49.8,46.3,20.2,16.3,27.5,61.7,43.5315840042717,103.315325734502,31.6181873667478,4.36032698370255,50.914617026015,40.7914925856879,29.4142304431117,21.4706908637453
38,2024-03-18,"Hombre","23-27","Bajo","SI","Medio",9,11,12,34.7,70,73.8,40.2,50,12.9,25.5,38.5,69.6,42.4936039494101,103.324839089943,34.483479358749,1.12958277109829,50.0572103580747,40.4637903947032,30.0916269487168,21.8599200726395
39,2024-03-19,"Mujer","28-32","Bajo","No","Bajo",5,5,8,38.7,70,66.9,25,44.4,10,35.1,31,61.5,43.3296082438495,103.235386116635,34.25911107387,-0.9490837821332,52.4201431875404,38.2985871070402,28.5270498314797,21.4580811094167
40,2024-03-19,"Mujer","18-22","Bajo","No","Bajo",5,6,8,16,70,74.4,46.8,50,15.4,28.6,28.9,60.8,43.3881687574332,104.996570363406,39.2638165279745,1.59081104543625,53.1653561876806,39.3718687989938,28.9609655259535,21.054744505285
41,2024-03-21,"Hombre","28-32","Alto","No","Medio",6,9,10,15.2,70,75.5,58.8,50,16.3,21.5,29.6,65.4,45.4725345457108,106.993311009765,37.5033058423444,-1.93478606762487,52.2901812997585,39.2853953156518,28.1188118453863,20.096862264897
42,2024-03-21,"Mujer","33-37","Medio","No","Bajo",9,10,11,33.1,70,60.7,44.1,50,13.7,30.5,33.4,53,45.1302744821351,105.546478332341,34.1934569940681,2.23501132905677,50.1622953715584,42.1721898138589,27.4026095773008,18.7770305921995
43,2024-03-22,"Mujer","28-32","Bajo","No","Bajo",9,10,12,33.4,70,62,39.5,48.6,10,24.6,24.3,61.7,46.5630973901603,104.800925162041,34.2996955357538,5.2245156992498,49.5647773903041,41.9177994861246,26.5484437660555,19.3222794468959
44,2024-03-22,"Mujer","23-27","Bajo","No","Bajo",6,7,9,19.5,70,68.3,37.1,50,12.1,21.6,25.5,65,45.9999020755496,104.415908520021,29.2050293438804,1.38881749449472,51.2968296101379,39.9676981173261,27.6075495518847,19.4867389823209
45,2024-03-22,"Mujer","23-27","Bajo","No","Bajo",10,11,12,58.5,69.8,65.6,30.3,38.7,15.4,29.9,36.6,50.4,48.2241385505046,103.993763814026,28.665155488592,0.881246837378736,48.8288216058041,39.2800281383778,28.477144094814,20.1080702909815
46,2024-03-24,"Hombre","28-32","Medio","No","Bajo",7,9,9,10,70,78,50.2,50,17.2,20.4,19.9,54.1,47.9388021383105,102.999045003733,28.9155046767667,3.46443096400309,49.9506222275171,38.9076934095413,29.9074735305789,20.1172935784853
47,2024-03-29,"Hombre","23-27","Bajo","SI","Bajo",10,11,12,19.6,70,69.9,36.2,50,14.6,14.2,27.1,55.1,48.7247692676619,101.929408016718,30.3210823203033,-1.1892618490694,48.2568050689715,40.4996400915258,29.8239495974831,20.8326591968536
48,2024-03-31,"Mujer","18-22","Alto","No","Medio",5,7,8,37.9,70,82.6,57.1,46.8,20.3,19.7,38,58.8,50.7059432374628,105.438703005169,34.7708107168985,-0.547023580376721,50.7047896252996,42.1442047527155,28.8851980204644,20.0195412294233
49,2024-04-03,"Hombre","23-27","Bajo","No","Bajo",9,10,12,33.6,69.9,75.7,39,50,19.3,24.2,31.1,51.8,52.9449792782965,105.723525853741,37.1006839397849,-1.03788022501968,49.9921936721447,39.1366366802506,28.6002206539719,20.1045404581346
50,2024-04-05,"Mujer","23-27","Bajo","No","Bajo",7,8,9,19,70,73.3,30.4,50,12.9,23.5,20.1,68.2,53.9180254076648,106.992340594943,39.9560323030527,0.635342428299015,50.4657384903866,39.7312700770137,28.7066095020934,19.6355548153237
51,2024-04-05,"Hombre","23-27","Alto","SI","Alto",8,9,8,25.9,70,54.6,58.8,50,21.6,22.6,24.9,60.6,56.3594931865077,106.66415249548,38.7616446727335,-2.25865488207581,51.3416456752545,39.882177957261,30.8259805043616,20.5716820219623
52,2024-04-06,"Mujer","18-22","Medio","SI","Bajo",9,10,12,23.6,70,85,37.2,50,10,27.9,27.3,64.3,57.2899287708699,106.305809623822,39.3367614603397,0.0490388097825101,49.6882831703642,41.0862592314632,30.3307856908002,21.7649153420685
53,2024-04-07,"Mujer","23-27","Bajo","No","Bajo",8,9,9,24,70,67.3,34.1,50,17.7,24,20.5,64.5,55.40018610731,104.36614643021,38.009958013986,-3.14535054460874,50.7627715586379,39.2276651021303,33.1526729503226,22.5123568585068
54,2024-04-08,"Mujer","28-32","Alto","SI","Alto",5,7,8,42.9,70,82.7,48.5,47.3,19.3,29.9,34.1,61.9,58.0256919441926,102.632008663231,32.8783209838039,-1.47849116579745,52.0953049075121,39.2189001674722,29.7254997391827,20.8661462066932
55,2024-04-09,"Mujer","28-32","Bajo","No","Medio",10,11,12,34.6,70,80.2,25,50,16.9,21.8,20.6,51.8,57.9431595711279,103.325089316307,33.4738740829962,1.43934530274464,49.0390195944361,39.3258238721321,29.46778295258,21.4435331406856
56,2024-04-11,"Mujer","18-22","Medio","No","Bajo",11,11,12,10.2,70,71.1,43.5,50,16.8,18.9,19.2,70,60.5462027959555,103.332198654281,30.8231628907179,0.126990313334506,47.7710965390738,40.0741334145177,30.9321209065302,21.0668911451804
57,2024-04-11,"Hombre","33-37","Bajo","No","Bajo",8,11,10,16.6,70,69.2,36,50,19,15.4,24.5,49.4,60.3392699333721,102.441272482637,28.9120228253197,-1.29461218009367,48.8394448691876,39.9406748887973,31.3242267672736,20.8960930584822
58,2024-04-11,"Hombre","38-42","Medio","SI","Medio",8,9,10,33,70,64,48.2,50,24.1,26.1,35.6,53.1,59.374212081292,103.467164557245,31.4512900098115,-1.60687810096778,49.5963883322653,39.6183351287743,29.9176984839577,20.1535850633678
59,2024-04-12,"Hombre","23-27","Medio","No","Alto",7,8,9,13.6,70,67.4,47.1,50,18.3,18.1,23.6,60.6,59.2373234693956,103.995667713404,29.9996244786876,-1.2530758755396,50.2424218273135,39.8898731975197,30.46114031408,20.6775183215515
60,2024-04-15,"Mujer","18-22","Alto","SI","Medio",10,12,12,10.9,70,67.1,49.7,50,21.7,17.2,26.3,69,61.1308717155733,104.276977652341,34.5196985238155,-0.0465016344632726,48.5036120420513,40.4032669946991,31.3257716854975,20.8678290409734
61,2024-04-17,"Mujer","28-32","Bajo","No","Bajo",7,9,9,24.3,70,59.6,28.5,50,12.5,22.6,24.8,61.4,61.6197457441409,105.137607623772,38.8633906815912,0.0935927634328527,49.8188905707209,40.0624892376278,31.4421127688457,21.0731079121734
62,2024-04-19,"Mujer","23-27","Bajo","No","Medio",7,9,11,19,70,71.8,30.4,50,17.8,12,29.9,57.9,61.9197315208814,106.025114351952,38.7056300534608,-1.96706418786752,49.6083984794589,39.7137495338061,29.5353015797998,20.984947855929
63,2024-04-19,"Hombre","18-22","Alto","No","Medio",9,10,9,32.2,70,63.2,45.8,50,21,28,27.3,65.1,61.654648753866,105.597724841914,36.1853569848898,-0.81732920801755,49.0770449862832,38.4455556557829,29.9260434237748,19.2644444816923
64,2024-04-23,"Hombre","23-27","Bajo","No","Medio",7,9,10,29.9,70,68.4,38.3,44.7,18.7,22.1,44.7,57.6,61.5031146989787,106.89643863241,37.6200788100576,-0.621179689672209,49.3702077160883,39.8206560915809,29.2878672981652,19.6909137602115
65,2024-04-24,"Hombre","38-42","Bajo","No","Bajo",8,9,11,23.4,70,62.3,29,50,19.3,24.4,33.2,54,61.4756686824195,107.328406100528,35.9436537786753,0.399683498104405,49.2877594704974,38.6246537196735,29.6397815096369,20.6956280747245
66,2024-04-24,"Hombre","38-42","Bajo","No","Medio",7,9,9,16.7,70,62.9,41.5,50,17.4,16.5,24.3,49.2,61.2202864509623,104.694225045608,36.4811522052703,1.63239375839982,50.1102639800508,37.9681769694512,31.1433590958761,20.9232934235232
67,2024-04-24,"Mujer","23-27","Medio","SI","Alto",10,10,11,34.3,70,72.3,47.2,50,20.1,20.4,41.1,68.9,62.7321237093413,105.758048306372,35.4818783196944,1.81864757439237,49.4115208371703,38.991273838345,33.0760427821802,22.9852130696327
68,2024-04-26,"Hombre","18-22","Medio","SI","Medio",7,8,11,26.9,70,71,48.9,49.6,19,18.5,34.5,48.2,60.0767896218302,106.788456731916,31.1299102053595,1.86305694228173,50.7792313627866,40.4840968507252,34.1498041677731,24.3915306821726
69,2024-04-29,"Hombre","28-32","Bajo","SI","Medio",9,9,10,40.3,70,68.4,25,40.2,12.5,27.2,45,51.3,59.7168413540248,106.428636978136,33.2058995814969,2.62947531254198,49.6911650490235,40.8607345413099,32.7921183859409,21.9225280360449
70,2024-05-01,"Mujer","23-27","Bajo","No","Bajo",10,11,12,43.9,65.8,78.6,31.7,49.7,13.6,27.3,31.2,46.7,58.7540632790402,105.993696641187,33.9037616610879,-0.563281663392247,48.5635336680077,39.2684067198619,32.8819655052442,22.3693659455438
71,2024-05-05,"Mujer","18-22","Bajo","No","Bajo",10,12,12,23.2,70,67.1,28.4,50,10,21.2,30.5,57.5,57.3339371189606,108.090782962031,33.1907258509439,-2.55233927808581,48.1009462494982,38.6127738193052,36.2403233262754,24.6328363645254
72,2024-05-05,"Hombre","18-22","Medio","No","Medio",10,10,11,19,70,59.7,46.4,47.7,16.7,22.8,30.7,57.5,55.8461985291366,108.840584713916,36.2866054716073,1.11612382780531,47.8304173397169,40.4155638354216,36.025648019619,25.165306207626
73,2024-05-12,"Hombre","33-37","Medio","No","Bajo",10,11,12,26,70,66.5,37.1,48.6,11,24.1,33.4,51.2,54.5109041778387,110.37504702219,38.9211039555108,2.97534200906978,47.1268217102424,40.2743238244964,36.2612431556009,25.4413479195246
74,2024-05-13,"Hombre","38-42","Bajo","SI","Bajo",8,10,11,29,70,59.5,25.7,50,17.4,26.3,32.2,42.9,54.631117558636,108.542725344315,39.9604140823126,-1.76574928784365,48.4070692159284,39.4076569011905,37.7605267473233,26.1078513639899
75,2024-05-16,"Hombre","23-27","Bajo","No","Medio",10,11,12,29,70,68.5,44.1,50,20.9,23.7,18,63.6,54.6379419437534,107.021128101837,41.8167465065371,1.23539782598736,47.4828178459612,40.8263736782613,37.5305805572424,26.432592798958
76,2024-05-20,"Mujer","23-27","Bajo","SI","Bajo",11,12,12,36.4,70,71.7,25.4,47.1,10,24.6,33.2,66,53.1300571564178,106.780131482303,41.3984254457441,0.599613572437651,47.438775563071,39.5910560022443,39.7683348852657,26.6902184450529
77,2024-05-22,"Mujer","28-32","Bajo","No","Bajo",8,9,10,32,69.1,75.8,39.2,48.7,17.5,18.3,33.5,55.7,50.7131738145072,108.47718726141,35.430405616945,1.03162300988574,48.972157520676,38.3907692891218,38.2383647098801,26.2563968123676
78,2024-05-23,"Mujer","23-27","Bajo","SI","Bajo",7,8,11,33.2,70,82.1,29.3,47.6,14.4,24.2,34.2,65.2,52.2332368197811,109.308340416836,34.2430958498785,1.40646702651,49.9395660976295,39.3967752404651,39.0499751686415,28.2336416488293
79,2024-05-26,"Hombre","33-37","Bajo","No","Bajo",8,9,11,36.6,70,72.3,38.7,41.7,11.7,20.6,36.9,43.9,51.773025610591,108.361361490102,34.1455536396662,1.02429525970951,50.0832464487774,37.7335738688647,39.3952130240601,28.421107282775
80,2024-05-28,"Hombre","38-42","Bajo","SI","Bajo",6,8,8,21.9,70,60.4,38.3,50,14,23.5,30.5,39.6,51.4652517241925,108.559482796803,31.4932136707722,-0.886503735195915,50.4630491089635,39.0929291331737,38.7500457257101,25.798664178709
81,2024-06-06,"Mujer","23-27","Bajo","No","Bajo",9,10,10,23.4,70,68.4,38.9,49.3,15.8,21.8,20.1,53.9,49.4708398567976,108.578825676851,30.5032674505197,-1.1358418015882,48.9082427992464,39.8954184319221,38.8599355379736,25.8030971850775
82,2024-06-07,"Hombre","18-22","Bajo","No","Bajo",7,8,10,34,70,61.6,44.7,50,19.3,23.9,34.5,64.1,48.5514761406152,107.608112646233,31.8356256721243,1.15527296793716,50.6432381215325,39.1147345809083,38.9054595216941,27.5148274059227
83,2024-06-08,"Hombre","18-22","Alto","SI","Alto",10,11,12,21,70,66.9,58.3,50,25.9,23,31.7,63.4,48.0992137311212,107.907867718936,33.076687086559,0.812566367573181,48.5025194790537,38.9174406341979,39.249337146381,27.7361197758108
84,2024-06-20,"Mujer","28-32","Alto","No","Alto",7,9,9,34.6,70,69.4,47.5,50,24.5,26.4,27.8,56.6,47.5748951332767,107.404480713604,38.2274330401093,-0.459850259927852,50.2354497590967,38.8188488268128,39.1497339051067,26.0728903965252
85,2024-06-22,"Hombre","23-27","Medio","No","Medio",7,9,10,31.1,70,63.4,39.9,46.7,17.3,27.8,36.4,61.5,45.7130659177146,107.705034277725,39.6947605322504,0.170250014017507,50.0340755686748,40.032142020479,36.4554437567121,24.7235521514585
86,2024-06-24,"Hombre","18-22","Medio","No","Medio",7,10,11,16.8,70,59.7,50.3,48.5,20.4,14.8,33.9,63.4,46.388429938027,104.80984774542,39.4304390535223,-0.145412385873685,50.2822150048455,39.7088070352615,35.889987042628,23.8331858523962
87,2024-06-25,"Hombre","28-32","Bajo","No","Bajo",10,12,12,28.8,70,68.2,32.2,50,10.3,29.9,22.9,61.9,46.5290999260502,106.919111350825,40.1064741245146,-0.347024328897212,48.5254034904763,40.0353247769596,35.7708995002646,23.3515588867523
88,2024-06-26,"Hombre","23-27","Bajo","No","Medio",9,11,11,39.1,70,68.6,27.3,44.1,18.1,21.3,31.7,68,45.6955754440391,109.994695953454,39.041135048819,-0.431433399966683,48.230543728511,38.7055583589478,36.9431637200385,24.4538879076354
89,2024-06-28,"Hombre","18-22","Bajo","No","Bajo",9,9,10,34.1,70,57.1,35.6,43.2,17,16.9,37.5,58.7,45.4891618381636,109.463405745573,39.481793434893,-0.135486643319404,49.2591763542761,38.3900521767315,37.6728074050064,25.5639642310507
90,2024-07-03,"Mujer","18-22","Medio","No","Bajo",8,10,9,37.3,68.8,69.2,49.2,39.1,15.7,32.7,38.8,66.9,46.5127569844924,108.707134885259,40.1919644923156,0.94409764627669,49.2564868469411,40.4201306899649,38.379977235928,24.7388915864946
91,2024-07-05,"Hombre","28-32","Bajo","No","Bajo",9,10,11,29.3,70,58.7,42.8,48.3,16.7,27.8,29.6,69.2,45.4619059516774,108.078241880709,31.7044763567577,-0.462261416780915,48.7864814998614,40.3927166083031,36.6106382644167,24.4791273468851
92,2024-07-10,"Mujer","18-22","Bajo","No","Bajo",6,8,8,44.4,56.8,65.4,35.6,48.6,13.6,30,41.5,70,46.1382452571381,107.113981117166,35.3565933071725,0.203330034186925,50.8939860947532,39.8272060992709,36.9316770252845,24.2319671052334
93,2024-07-13,"Mujer","18-22","Alto","No","Alto",8,9,11,37.8,70,73.2,52.5,47.1,23.2,23.6,32.1,52.8,48.1902331372419,106.901667114871,31.2294724105441,0.256469120307728,50.3371836937574,39.4115994171671,37.1806691553382,25.4881100777093
94,2024-07-14,"Mujer","23-27","Bajo","SI","Medio",9,9,11,25.9,70,69,36.7,50,13.7,20.7,23.4,63.9,47.635230849447,107.540091409268,34.5279782545837,-1.39425635990387,49.6414310256626,40.3495998941672,35.9875846543803,24.4631794391338
95,2024-07-14,"Mujer","23-27","Alto","SI","Alto",9,10,11,25.7,70,70.7,56.1,50,24.9,20.2,28.6,66.7,50.9481109680815,109.743501453441,35.4701283905042,0.220584449213788,49.3357031218659,40.2130295802277,36.4357450636088,24.2580892943655
96,2024-07-14,"Mujer","33-37","Bajo","No","Bajo",8,10,10,29.1,70,72.7,39.5,49,13.7,23.6,34.2,46.3,50.946877356864,109.207968636577,38.2302629086875,1.4627584992564,49.6228983974183,40.3139763232551,37.1453621115205,23.9383509986951
97,2024-07-15,"Mujer","23-27","Bajo","No","Bajo",8,9,10,40,70,70.5,35,50,14.2,26.8,33.1,56.9,50.6338882496552,110.993262205285,41.939324099462,0.14256866467799,49.8731638779223,40.0307919517264,35.6755500715035,23.9648202637029
98,2024-07-16,"Mujer","28-32","Alto","No","Medio",8,8,9,22.8,70,64.5,53.9,50,18.8,17.6,30.2,67.2,52.5228910467427,110.722328774407,44.1737336324165,0.516721769925886,50.7850833271753,41.8720390755364,36.7057049218476,24.6025772286467
99,2024-07-16,"Hombre","28-32","Medio","No","Bajo",9,11,12,19.4,70,61.7,54.7,48.2,19.4,19.7,27.8,46.9,53.731762204338,110.49034115608,42.368827384023,0.0277225323357206,49.3229981468595,43.0514399654648,34.1447449544689,22.3298429195852
100,2024-07-18,"Mujer","38-42","Medio","SI","Bajo",7,8,8,24.6,70,64.5,43.7,46.8,15.9,18.4,40.1,60.6,53.7088318195313,108.876419896295,39.7572920761919,-1.59562166281487,50.6525875564321,42.0308169102299,33.5064552742708,21.4125886259572
101,2024-07-18,"Mujer","23-27","Medio","No","Medio",9,11,11,18.1,70,67.8,42.3,50,18,19.3,26.3,70,55.7713800671994,109.400299443174,38.7882772210568,-0.711475450311975,49.9456152590084,41.0725831501674,34.1936741351633,21.6781287987554
102,2024-07-19,"Mujer","28-32","Medio","No","Medio",9,10,11,28.3,70,63.2,53.6,50,19,24.4,18.6,55.2,55.8051159162402,110.920356691024,38.4008982920728,0.639712525514222,49.3925410706847,40.0924119524866,34.132473316769,21.7679582515107
103,2024-07-19,"Mujer","23-27","Alto","No","Bajo",7,7,8,25.3,70,68.1,53,50,15.6,24.9,34.9,65.9,56.0783524172182,109.869720101409,32.7425289609572,-0.341022593813512,51.0969008278212,39.3771434077224,35.335474959815,23.2280728892029
104,2024-07-21,"Hombre","33-37","Bajo","SI","Bajo",8,9,11,15.8,70,53.6,34.2,50,12,25.3,30.5,56.8,58.1011630786174,110.232087082205,34.2061459976446,0.459800136166114,50.4071246571228,39.8660103580902,35.8087215632781,23.7498876370015
105,2024-07-22,"Mujer","18-22","Bajo","No","Bajo",7,9,11,31.6,70,73.8,33.6,49.7,11,24.9,29.4,70,60.1350392202843,111.378354901404,35.365397057616,1.58044173920975,50.2088011632837,39.206157226932,34.3158263445113,22.4229539648387
106,2024-07-22,"Mujer","28-32","Alto","No","Medio",9,10,10,19.6,70,64.8,50.1,50,19.5,25.8,27.5,48.3,59.1957985622588,111.363992279177,36.140451426932,1.39027956786881,50.2163465910913,40.0166021688714,35.7604527908206,22.7599249562399
107,2024-07-23,"Mujer","28-32","Bajo","No","Bajo",7,8,9,26.9,70,65.2,40.6,50,16.3,26.7,33.6,57.5,60.7359718625474,111.623241638918,38.2856822701924,-0.131635206810243,50.9289722323363,38.6767467118097,36.3798053764718,23.3983601013489
108,2024-07-23,"Hombre","23-27","Medio","No","Bajo",9,11,11,33,70,78.8,41.7,50,13.2,27.9,29.9,62.1,61.1502201768309,112.333309270433,35.9457799654336,1.55132641367087,49.726605703036,37.4084223901936,36.2021709741362,22.6999010275063
109,2024-07-24,"Hombre","38-42","Alto","SI","Alto",9,10,11,19.1,70,60.1,39.5,50,22,16.8,29.4,56.8,60.6634115476241,113.251335140202,40.9124591966616,-0.663074868818062,49.0272315097762,38.5572874922948,35.0964696111015,22.7263839429539
110,2024-07-28,"Hombre","28-32","Medio","No","Bajo",10,11,12,43.8,70,73.7,47.4,45.1,17.9,25.3,36.5,68.1,63.4141181363567,111.515054189076,43.1818821662384,0.213123029752043,47.6877398686542,38.7941037139872,34.6062517906201,21.7936765218888
111,2024-07-28,"Hombre","18-22","Medio","No","Medio",10,12,12,31,70,63.1,40.4,44.9,18.5,26.1,34.1,55.5,60.9060669472285,108.92721464174,45.145244040769,1.79435729376212,46.6063341366332,37.5782461577318,33.5176976372439,21.5801894833223
112,2024-07-29,"Mujer","18-22","Medio","SI","Medio",8,8,8,10,70,73.5,50.3,50,18.3,19.7,26.4,56.4,63.4171270037727,110.058542553458,40.4750465569251,-0.0963328687490539,48.6390740804198,38.2009470850837,34.455190776884,21.3832255018627
113,2024-08-01,"Mujer","23-27","Medio","No","Bajo",9,11,12,28.5,70,72.1,37.8,50,21.1,27.7,32,64.8,62.9435099047409,110.339282117121,39.4772174635486,-1.27298631429255,47.53207093425,39.1383180643682,32.9128695852159,20.5924041578817
114,2024-08-02,"Hombre","23-27","Alto","No","Alto",10,11,12,20.2,70,68.6,60.8,50,22.3,18.1,27,53.2,63.7026966439174,111.334045298406,42.0901422433957,0.00725247886343812,47.3900366104694,38.402630694519,33.2679976252997,21.7910227217039
115,2024-08-05,"Mujer","28-32","Medio","No","Bajo",10,11,11,48.3,65.8,71.6,47.4,41.3,11.2,37.7,42,54.4,64.1655538073559,112.330316922365,31.9843017481339,-0.511846600206949,47.2473057522635,36.6014390107796,32.8853254104989,20.0681762316402
116,2024-08-05,"Hombre","28-32","Bajo","No","Bajo",11,10,12,33.5,70,72.8,33.7,47.9,17.5,22.7,36.8,64.5,63.0176273000236,111.545772391154,35.957411018056,-2.37720773770597,46.8594086566271,36.859950567686,34.2574068584015,21.8317500518561
117,2024-08-06,"Mujer","38-42","Medio","No","Bajo",8,9,10,28.6,70,56.6,45.4,50,17.2,20.9,30.5,47.1,63.5137619834636,109.277956866243,37.512271246261,0.746821692930222,48.0095148879329,37.9009842307875,34.8574052861906,21.7761466398933
118,2024-08-11,"Hombre","38-42","Alto","No","Bajo",7,9,11,22.4,70,62.6,53.8,45.6,19.9,24.5,40.3,48.1,62.6638238623049,108.993967963942,36.0391332929829,-0.378082311126231,48.6905767677559,36.9547789716746,33.5440585040595,21.6656788348235
119,2024-08-11,"Mujer","23-27","Medio","No","Bajo",8,9,11,26.4,70,68.3,48.9,50,15,24.1,34.3,66.3,62.9056462201915,110.536285603417,37.021911518795,-0.868107303407319,49.3334561172108,37.7022395633076,32.7765093488828,20.8749895154841
120,2024-08-17,"Mujer","28-32","Alto","No","Alto",7,10,10,30.5,70,67,62.3,50,20.1,20.2,28.9,63.4,60.1048829796755,111.60342859837,39.9744249564614,1.00260736330262,49.5094471919383,37.7758063833731,31.811411585601,19.4545666295464
121,2024-08-22,"Hombre","18-22","Medio","SI","Alto",9,12,12,40.6,70,70,59.3,48.8,26.4,18.7,38,65.7,60.7458025915601,111.785670432853,42.1058289933745,0.255430891656411,48.1948874048503,38.6227115950905,31.0704383593003,18.7829383227229
122,2024-08-23,"Mujer","28-32","Medio","No","Alto",6,7,8,22.7,70,55.5,38.1,50,16.3,18.3,25,61.8,60.6049892054015,113.034765320051,41.5669377363888,-0.153135743524417,50.5795369286875,39.0844788537179,30.6153693886776,18.2246529518333
123,2024-08-25,"Mujer","38-42","Alto","No","Alto",9,11,11,15.8,70,72,55.6,50,22.8,15.9,28.2,39.5,59.204001350305,113.156784169597,46.8640541327678,1.10849843225358,48.9867989612141,41.2845566191615,30.820447140502,18.5435090368369
124,2024-08-28,"Hombre","23-27","Bajo","No","Bajo",9,9,12,32.7,70,77.5,32.1,50,16,20.6,33,68.5,57.8702092861147,113.021382075233,46.1718652027701,0.000820335344579931,49.5816667747205,41.2167993119739,31.5043435836823,20.2617487415849
125,2024-08-29,"Mujer","28-32","Bajo","No","Bajo",6,8,10,18.3,70,70.9,35.4,50,13.6,24.7,15,59.7,56.2954415042545,113.051771466601,42.3214291991441,-0.212424044286306,50.6493032995319,40.5630259446006,30.4108772543705,18.8789226143413
126,2024-08-30,"Hombre","28-32","Bajo","No","Bajo",7,8,9,34.2,70,72.1,29.1,50,16.8,26.4,28.8,67.2,56.1912210000913,113.95115689004,40.9298287655515,-0.0713361478628438,50.813222830257,42.1305365628382,31.6861809246019,18.8367803401042
127,2024-09-03,"Mujer","23-27","Alto","No","Medio",7,9,10,30.1,70,74.9,47.2,49.2,19.1,20.8,27.4,56.2,55.5084707964514,114.18603499633,37.8379076273724,0.570116389586113,50.9046536918194,41.5699640565881,30.390191094257,18.2277300790639
128,2024-09-05,"Mujer","23-27","Alto","No","Alto",10,11,11,31.3,70,81.4,52.6,45.8,18.1,23.5,25.4,60.5,54.5650463989124,113.477633919962,36.9281811349454,0.369393598591596,50.1013482040253,41.6420439628914,33.4326114671346,19.9398460289347
129,2024-09-10,"Hombre","23-27","Bajo","No","Bajo",9,10,10,25.1,70,68.8,44.1,50,13.1,23,27.8,59.5,54.0605716430946,112.747708144234,37.7419289834719,1.16589755677979,49.6353568819235,41.1460664842516,31.8873278047361,18.7832769801704
130,2024-09-11,"Mujer","23-27","Medio","SI","Alto",8,10,10,14.2,70,69.7,50.7,50,22.6,22.2,28.5,69.6,53.1855033997362,112.781610324838,35.8577114190029,-1.24962288863946,49.7234925253951,40.7987309376405,31.9431320693477,18.8823814504829
131,2024-09-12,"Hombre","28-32","Bajo","No","Bajo",10,11,12,24.9,70,66.6,39.5,50,14.3,24.1,25.3,52.5,52.437025553749,112.305093933329,37.730539934503,-0.36995101530836,47.8750537110214,40.7159979717984,31.9110673688382,19.1480958267389
132,2024-09-14,"Hombre","18-22","Bajo","SI","Bajo",7,10,9,18.9,70,80,46.2,50,16.4,22.9,26.6,59.6,50.4840060011711,114.275132850718,41.4341079173052,0.481702215569673,49.1767656578758,38.7670170157065,31.1555797022337,16.9375386883209
133,2024-09-16,"Hombre","33-37","Bajo","No","Bajo",8,9,10,14.4,70,48.4,34.2,50,15.6,15,27.3,58.8,50.1727438894339,112.924281403493,43.2809381742114,0.092334866182918,49.1681644807702,38.9939789999905,30.0231984612456,17.7135252006392
134,2024-09-17,"Hombre","23-27","Alto","No","Medio",5,8,9,39.2,70,71.9,52.8,50,19.2,22.5,30.6,59,50.0393358771591,113.028415704069,42.7405281658471,0.429851608495558,51.244681604971,38.1845235382353,29.0185316829453,17.1832188590989
135,2024-09-19,"Hombre","28-32","Alto","No","Medio",10,12,11,28.8,70,55.8,48,50,23.1,22.7,29.9,48.7,50.4192973174286,114.07852137085,46.6781406517049,1.48999980567018,49.1730764196784,39.8933348246348,29.2425929250347,15.8504065535859
136,2024-09-20,"Mujer","38-42","Medio","No","Medio",7,8,10,35.9,70,61.5,41,50,21.3,16.3,31.5,49.5,49.7710746576584,112.943036854327,48.9200590096356,-0.0343617657158213,50.4162555981927,41.2327359403706,28.7432876320518,17.055357611749
137,2024-09-22,"Hombre","18-22","Medio","No","Medio",7,8,9,29.5,70,57.8,50.5,50,18.1,16.2,30.1,67.2,49.3131478755348,113.224104924748,47.9106017386983,-0.672601703749416,51.0025096660092,42.1365960181959,28.9442287020419,16.4493648074868
138,2024-09-23,"Hombre","23-27","Bajo","No","Medio",8,10,12,10,70,57.1,46.8,50,20.8,26.4,27.8,65.6,49.8279821785562,112.173501077585,42.6648852871361,-0.482805939758315,49.5767171452878,41.1331569743281,27.3609725818762,16.6446899093603
139,2024-09-24,"Mujer","23-27","Bajo","No","Bajo",9,10,11,19,70,60.8,31.7,50,11.8,24.3,22.6,62,49.642669759951,112.054032316022,37.0263360325149,0.169916197981398,48.8293979015809,40.6475111785734,28.2112812236743,15.465823008536
140,2024-09-24,"Mujer","23-27","Medio","No","Medio",8,8,10,18.8,70,64.9,56.6,50,21.4,17.9,23.8,70,49.2181445237314,111.943836757182,33.6721592796312,-1.23395324648592,49.9089941862503,40.9717933127942,29.004487718601,17.4720657910489
141,2024-09-29,"Mujer","18-22","Bajo","No","Bajo",8,10,9,11.5,70,60,25,50,11.5,14.9,29.4,61.2,47.3680250700726,114.256688538706,39.7891910148033,-1.18413248654741,50.1499047082592,41.1406723174354,30.2422291506089,16.0447486016495
142,2024-10-01,"Mujer","23-27","Medio","SI","Medio",7,8,10,12.6,70,74.8,43.1,50,19.4,21.6,22.8,59.3,48.7473086567249,115.561241084844,38.4515345398865,-1.04258376841679,50.7512974902099,40.4023494895038,28.4081072823215,16.605124732174
143,2024-10-02,"Hombre","18-22","Alto","No","Medio",9,10,11,10.9,70,65.6,53.3,50,19.4,19.5,29.9,57.5,48.7207822932997,116.358932857548,39.5174699128915,1.28002793649582,49.4838876177631,40.2600367247741,27.5021783267899,15.1648528444143
144,2024-10-03,"Hombre","33-37","Alto","SI","Medio",9,11,11,24.3,70,59.9,47.1,50,16.2,14.6,31.5,47.9,48.4908697706876,114.316642501566,40.259064449083,1.12696036664315,48.5736913923852,41.0105938977842,27.3698748034347,14.428250657233
145,2024-10-04,"Hombre","33-37","Bajo","No","Bajo",7,8,10,11.7,70,71.6,38.9,50,18.5,24.3,24.1,65.5,50.0297043673099,114.683804512296,44.1890026817348,1.9006434562572,49.9546165825776,42.2705490907962,27.4528300798734,15.6358428411767
146,2024-10-10,"Mujer","28-32","Bajo","SI","Bajo",8,10,10,39.2,70,71.9,37.6,48.2,17.7,21.3,31.5,54.6,49.5304062933234,115.615061660951,47.5463759161036,-0.491207325378833,50.3613645330055,40.6914157209566,27.77962618901,14.8701377259208
147,2024-10-10,"Mujer","18-22","Bajo","No","Bajo",6,8,9,23.8,70,62.8,25,50,14.3,21.2,24.5,61,52.9717627550531,115.468318765498,45.6826413335932,0.511484191057035,51.2703157817266,39.5657535464013,25.6718670604498,13.4422644651484
148,2024-10-14,"Hombre","28-32","Bajo","No","Bajo",5,7,9,23.3,70,53.9,32.6,49.2,11.6,22.3,30.9,53,51.5631036857739,117.069516034893,42.8535375374839,0.0358351411799502,51.9079740595035,39.1426431092155,24.2165719879502,12.6840404580553
149,2024-10-15,"Hombre","23-27","Alto","SI","Alto",7,9,10,10,70,57.6,50.3,50,22.3,20.1,19.2,70,53.2480251176035,116.987781519683,46.6937879475373,0.551630751289332,51.7954449380805,39.0214655659467,25.6735607708975,13.330860210735
150,2024-10-16,"Mujer","18-22","Medio","No","Alto",8,8,9,15.8,70,56,38,50,17.7,18.9,25.4,70,54.3535186899744,115.134332645275,40.4644236143743,1.94471926447596,51.9076079660589,38.0136007053398,26.2267926192485,14.0777502321902
151,2024-10-17,"Hombre","23-27","Bajo","No","Bajo",7,9,11,10,70,66.8,40.5,50,18.8,14.1,29.6,64.2,56.0342160658119,115.247260121475,41.0482117510445,-2.27531060907566,51.0127625893427,41.1567002756165,25.6453119397813,13.7582419746866
152,2024-10-20,"Mujer","28-32","Bajo","SI","Bajo",9,11,12,28.3,70,73.7,31.6,50,12.9,25,34.6,52.1,56.183890917169,115.717201024618,37.18666945271,2.50422418957075,50.166322281795,41.500061653752,25.9713750961727,13.4578422327073
153,2024-10-21,"Hombre","18-22","Bajo","No","Bajo",8,9,10,19.2,70,76.4,36.1,50,19.5,24.2,30.7,70,58.3532724485864,116.518156946746,41.2155750142196,-0.489049325539551,49.8829186928013,40.4032835348231,25.3522749251181,13.0293262448879
154,2024-10-22,"Hombre","33-37","Bajo","SI","Bajo",10,10,11,26.5,70,59.4,38.9,50,18,22.1,24.9,42.1,59.6399473661287,116.853446159112,38.471021198515,-0.956617654660035,49.5080184943177,39.9566032659154,27.3081873964087,14.3376170733955
155,2024-10-23,"Hombre","28-32","Alto","SI","Alto",8,9,12,21.7,70,61.8,63.6,50,25.9,19.2,21.3,52.7,60.9416386947757,116.128164315072,42.1483805468528,1.82646969236401,49.8185821921382,38.4073838848077,27.1901147454906,15.8867375060246
156,2024-10-28,"Hombre","23-27","Bajo","No","Medio",7,7,9,19,70,72.9,34.2,50,16.9,26.7,29.3,69.9,60.1596112622407,115.023103064351,43.488161348928,-1.33109462017317,50.2231981959509,39.2203687745107,26.1219105861482,14.2795102399502
157,2024-11-01,"Hombre","28-32","Bajo","SI","Bajo",5,8,8,21.3,70,66.2,48.5,50,12.7,14.5,32.1,63.5,60.0289982875316,115.748579629826,43.9452131986333,-1.36003250212037,51.4930848367426,39.5201864711278,26.0621822272194,12.4464499876212
158,2024-11-03,"Hombre","23-27","Alto","No","Alto",8,9,10,27.9,70,62.3,65.2,47,17.6,17.4,32.3,48.3,61.0665174081037,114.479266585824,47.9582738170554,-0.50829070409096,50.7533476553437,41.2697805814897,24.8793895703441,12.6874036531144
159,2024-11-03,"Mujer","23-27","Medio","No","Medio",10,10,11,27.1,70,65.9,33.4,48.5,16.4,21.9,32.1,53.3,61.8484209954513,114.03186531262,48.8056172974854,-0.412300166875444,49.8462415542626,42.1885987593276,25.9523445440917,13.6652209093433
160,2024-11-04,"Hombre","18-22","Bajo","No","Medio",6,9,11,20.5,70,69.1,25,50,10,22.9,32.8,62.4,62.8325872688904,116.621224868211,50.8715904031042,-1.27815326715085,51.2048970255202,41.2736662585049,25.6878727928676,13.9103845288502
161,2024-11-04,"Mujer","33-37","Bajo","No","Bajo",9,8,10,15.2,70,48.4,33.1,50,16.2,15.7,23.2,52.8,63.353654871596,116.698301448986,48.6816502996613,-0.964625526916641,50.5759615715449,40.7125594764658,25.4477729207592,13.5565787630059
162,2024-11-04,"Hombre","23-27","Bajo","No","Medio",8,10,10,23.1,70,67.2,30,50,13.2,15.3,37.2,56.5,64.7105212843245,117.659411006962,45.1827282622953,-0.784618650360256,50.5388751811591,39.1951658916612,27.1667095775863,13.9921144193034
163,2024-11-05,"Hombre","33-37","Alto","SI","Alto",8,10,11,19.1,70,76.3,55.2,50,23.7,14.1,31.2,46.3,65.1948649009242,117.533574312397,43.5248360315809,-1.41612633354391,49.0402534418582,40.8477773119446,25.1364451456309,12.5922371460433
164,2024-11-05,"Hombre","18-22","Medio","No","Medio",8,10,10,14.2,70,77.9,33.2,50,15.9,22.5,34.1,65.8,66.0869934938734,116.081634226665,37.2930931933688,1.115826897268,49.3290934236237,42.828024321259,26.5800176117268,12.7722758857683
165,2024-11-08,"Hombre","33-37","Alto","No","Medio",8,10,10,26.7,70,66.1,57.1,50,18.3,24.4,26.3,40.8,67.3172490155251,115.578765957593,37.5329278233743,-0.370892750630898,50.3170401504176,41.9237177101866,26.9487391540322,12.904329327636
166,2024-11-10,"Hombre","38-42","Bajo","SI","Medio",7,9,8,39.8,70,73.4,44.4,46.8,18.8,20.2,43.3,49.1,65.4783626963123,115.842653888883,41.5845039010743,-0.635031133615501,51.5414822003274,41.6446267295944,27.3646713346957,12.7964825046103
167,2024-11-10,"Mujer","23-27","Bajo","SI","Bajo",7,8,8,33.6,70,72.9,34,50,16.5,16.8,25.9,66.5,65.7895404690919,114.590157949848,38.8943233182463,-0.870385008184166,51.977822560821,40.8761379306898,26.4902339336959,12.6421791566904
168,2024-11-11,"Mujer","28-32","Medio","No","Bajo",7,9,8,29.7,70,62.2,49.6,50,20.3,29.7,29.4,53.5,67.2841760616494,116.180712335186,42.3349000684934,-1.27383337484158,51.8271752661538,39.8751426307184,26.869205430144,12.3816279241626
169,2024-11-11,"Hombre","38-42","Bajo","SI","Bajo",8,8,9,20.4,70,73.1,25,50,10,23.8,22.3,52.1,65.4519691645379,117.700996475035,43.2717472199212,-0.114563827316043,51.5748808750422,39.165853292664,27.1757361480485,13.8772582047978
170,2024-11-12,"Hombre","23-27","Bajo","No","Bajo",10,11,12,20.4,70,73.7,42,50,15.9,23.7,28,59.7,63.7606129081333,118.045061274048,50.1423431564482,1.62836038552713,48.7391263882799,42.9603508251259,26.9863439212312,13.7028282785821
171,2024-11-16,"Mujer","23-27","Bajo","SI","Bajo",6,8,10,23.1,70,57.8,31.8,47.2,10,15.1,32.4,48,64.4315278038071,116.815373642271,50.9290485803815,2.01990293852467,50.3653640883681,40.8478629571198,25.5335643735111,12.9972168802288
172,2024-11-16,"Hombre","18-22","Medio","No","Bajo",9,10,11,36.2,70,70.2,37.6,48.4,14.8,20.2,34.4,54.5,64.3937314650881,117.186556524576,47.0461529860779,-0.51893801919855,49.7538308871427,40.3633460397023,25.2227956195157,12.3403208592905
173,2024-11-17,"Mujer","23-27","Medio","No","Bajo",7,9,11,28.5,70,73.4,47.3,50,18.3,23.2,29.9,64.1,65.2287244246755,115.521193935016,46.058272493752,-0.408818369686887,50.1253700698992,39.6209302969409,23.2669115025066,11.7585426903494
174,2024-11-19,"Hombre","28-32","Alto","No","Alto",9,10,11,26.5,70,74.7,50.9,50,21.1,16.8,28.4,56.6,64.1361887331465,113.820379639965,41.5500976348829,-1.16184183193966,49.1354014434706,40.4149863997493,24.5940609874246,11.7654290907271
175,2024-11-20,"Mujer","28-32","Bajo","No","Bajo",8,10,10,40,70,64.7,31.6,46,10,28.4,37.5,51.3,63.123837304957,116.372946304637,38.9613811834168,0.247489279987728,48.5686852383918,40.2005574792796,23.2303515069652,9.82451439738017
176,2024-11-20,"Mujer","23-27","Bajo","No","Bajo",11,12,12,21.8,70,57.7,32.4,50,15.1,16.7,26,58.6,60.2533809227336,117.785384432329,37.0411271117995,0.0647005801526444,47.2103853620339,39.2105122443404,23.030665829129,10.5601159973211
177,2024-11-20,"Mujer","23-27","Bajo","No","Medio",7,9,10,21.3,70,75.2,32.4,49.2,17.4,25.9,25.5,62.2,60.2912884965992,119.168353942064,37.3709156855471,1.02043804063718,48.1582101905246,38.3458475941196,19.9479687829515,7.50196392439417
178,2024-11-21,"Hombre","23-27","Bajo","No","Bajo",9,9,10,25.9,70,63.7,36.7,50,16,22.2,30.1,61.5,60.1572576954681,116.19669787938,39.761952896615,-0.381461352448565,48.9309509754262,39.2949695779449,22.2313592112793,10.0380943407249
179,2024-11-22,"Hombre","23-27","Alto","No","Medio",7,9,11,16,70,62.9,56.3,50,19.5,23.3,20.3,53.7,59.347647322275,117.439484859214,38.6358230567685,1.86248140263327,49.4448584118003,40.3205359130887,21.1065786853165,9.6082429157033
180,2024-11-23,"Hombre","18-22","Medio","SI","Medio",11,12,12,20.9,70,64.3,48.9,44.6,18,20.8,31.6,67.9,58.9361478724109,120.110681303721,45.3822926705981,0.187221131362661,47.5274190996639,39.8618683616407,21.6284493405154,9.27835536414144
181,2024-11-23,"Mujer","23-27","Medio","SI","Alto",7,9,10,23.5,70,57.5,52.8,50,21.2,21.5,23.7,46.5,58.1732297335901,119.755381648185,43.7163711206552,-0.631500378656571,49.4273134533197,39.891656758562,21.0587783688071,8.6724224599606
182,2024-11-25,"Hombre","28-32","Medio","SI","Medio",7,9,10,20.2,70,62.9,48.9,50,21.3,16.3,30.6,49.5,56.0288644266279,118.372074583019,48.9690969111425,0.289187703942804,50.1488074419172,41.49249269797,21.3065367280195,9.07001331167651
183,2024-11-25,"Hombre","18-22","Bajo","No","Bajo",6,9,9,14.4,70,66.4,41.5,50,18.6,18.3,27.1,59.1,56.3994131884614,117.709479539577,48.6522091771235,-1.62512179251011,51.2802975019038,42.7734549998865,20.2164273680776,7.58570174540604
184,2024-11-29,"Hombre","23-27","Alto","No","Alto",10,10,12,20.9,70,71.6,61,50,21,17.4,27.6,63.8,57.1450986119175,117.939306713696,42.7927900807752,1.11407022319841,48.8973579662369,41.6899336043694,18.9961402348175,7.67763407224869
185,2024-11-29,"Hombre","23-27","Bajo","No","Bajo",9,9,11,24.8,70,76.1,38.5,50,12.6,21.8,24.4,58.5,55.6163446682986,118.655141642162,49.4247488262926,-0.15887146495875,49.8265665479539,39.3318822356735,21.3930742211499,9.60361348953399
186,2024-12-01,"Hombre","23-27","Medio","No","Bajo",8,10,11,28.2,70,62.7,45.6,50,15.2,24.6,30.9,54.6,53.6690289425916,120.433642387859,43.496910700846,-1.40532017488912,49.6597103598215,41.2098951553132,21.7246816498528,8.87066213515668
187,2024-12-02,"Mujer","28-32","Alto","No","Medio",6,7,9,40.6,70,49.3,47,50,18.9,22.4,26.9,48.5,51.4553743957615,120.319857706336,44.4534517052052,-0.585790452787156,51.4981113508986,40.7082515253988,22.1144158402381,9.36999206701887
188,2024-12-04,"Mujer","33-37","Bajo","SI","Bajo",9,10,11,18.7,70,80,41.5,50,12.8,19.2,29.8,52.7,53.3628019335144,118.171325231429,37.0934638778757,0.384146925391391,49.753082059524,40.2947914097345,22.6782978344992,9.85184256160833
189,2024-12-05,"Hombre","18-22","Medio","No","Bajo",9,9,12,22.1,70,66.1,36.4,50,10.7,18.3,25.7,69.3,52.361520656083,118.229179027466,38.3380409881836,0.605781112053757,48.9231139037722,40.3457284938051,22.1781481696363,10.0919052752849
190,2024-12-11,"Mujer","28-32","Medio","SI","Medio",7,8,9,20.9,70,61,55,50,19.5,18.9,34.9,53.8,50.6903428456945,120.138371877791,41.2704490883549,2.1211053020926,50.0318802901759,38.5053220398027,22.0166183670772,8.92694495101143
191,2024-12-13,"Hombre","18-22","Medio","No","Bajo",8,11,10,31.3,70,71.2,42.5,47.8,13,18.5,29.9,66.1,51.5095975666614,120.957940519857,41.6137954134224,0.686546082219926,48.9167412272105,40.0114844905771,21.7511405886911,7.61223237306284
192,2024-12-18,"Mujer","28-32","Alto","No","Medio",8,9,11,29.3,70,62.4,44.5,50,19.7,22.4,30,45.9,51.0939827024744,119.376731550767,42.0846527393864,0.451880396943685,49.5880215965032,40.5146674029289,19.9959608834269,8.02038158783637
193,2024-12-20,"Hombre","33-37","Bajo","No","Bajo",11,12,12,12.3,70,77.4,36.1,50,15.3,20.9,23,60.3,50.1266852485523,120.044281598845,46.464023540118,-0.623348034437192,47.4505204631295,40.8245729776058,20.9313639720005,7.32725258384928
194,2024-12-21,"Hombre","28-32","Bajo","SI","Bajo",8,10,12,16.5,70,67.3,39.3,50,12.1,22.7,17.3,62.5,51.4119118546849,119.885810927459,47.8055363411215,0.899827664555722,48.4688514067395,39.3668179729779,20.2427901644013,8.32648452161487
195,2024-12-21,"Hombre","28-32","Alto","SI","Alto",7,9,11,41.3,70,56.2,48.7,45.1,13.6,22.9,35.5,49.8,53.3452956974306,120.390667205494,49.9445523544351,-2.47431436091775,48.7857262934592,39.457349988441,18.9234418500718,6.63356655438682
196,2024-12-22,"Hombre","33-37","Bajo","No","Bajo",9,10,11,19.6,70,63.1,32.5,50,18,24.1,25.5,55,52.5469663255137,120.175859305096,48.5148374973318,-1.22802760997195,48.2500617624139,37.9112714835964,18.5262852943078,6.36428628746965
197,2024-12-22,"Mujer","38-42","Bajo","SI","Bajo",9,11,11,32.2,70,61.6,25,50,12.2,25.6,29.4,58.1,51.0052820343239,120.414843329509,45.2296710231382,-2.47211722006246,47.8979088923037,37.7187921178583,20.6141352958185,6.98515600077226
198,2024-12-23,"Hombre","18-22","Bajo","SI","Bajo",5,7,7,10.2,70,76.6,37.1,50,16.9,17.3,26.3,70,53.877501853671,120.778719344376,43.8512622649135,0.468773317249325,50.5579640142689,39.9230121276045,17.5363742850585,4.33628250723068
199,2024-12-24,"Mujer","18-22","Medio","No","Medio",8,10,11,22.1,70,65.1,59.5,50,22.2,26.3,37.6,70,54.489895973549,120.591430228647,44.6931787576479,1.51905761346816,50.3620296232309,38.4085095841972,18.7762934402777,6.0309344731678
200,2024-12-26,"Mujer","33-37","Bajo","SI","Bajo",6,8,9,28.3,70,55.5,35.6,50,10,19.9,28.6,49.7,57.1773012601806,120.16595625708,42.4149442990671,0.993635186761806,51.2363399856381,39.6188097774036,16.681851497507,3.84543417692571
201,2024-12-27,"Mujer","23-27","Bajo","SI","Bajo",6,7,9,18.5,70,68.9,34.5,50,14.5,23.5,33.4,65,56.8072344573057,119.889635406854,43.2287942230724,-0.20523878048011,52.206459377189,40.7623966803229,17.3370177970025,5.62791185421708
202,2024-12-31,"Hombre","23-27","Bajo","No","Bajo",8,9,10,20.6,70,70.8,37.7,50,13.9,22.1,21.6,55.8,57.4455008899924,119.410980587501,44.3926140889009,0.27147416408745,51.1805743927184,38.9753267672418,16.8943119811531,4.5842486538679
203,2025-01-02,"Hombre","28-32","Bajo","No","Bajo",8,11,10,18.1,70,61.6,45.3,50,20.3,10,25.7,60.8,57.3952830848586,119.163519458687,46.0069381934777,-0.0229365661113299,50.8394975085221,38.651706005392,18.8873776527019,5.06772710681206
204,2025-01-04,"Mujer","18-22","Medio","No","Medio",8,9,9,25.6,70,63.2,53.6,44,22.7,23.4,32.5,59.1,59.5481261757588,119.54361895901,47.265809036514,0.595335078551448,50.6832162730457,39.2580176303336,17.0035608401443,3.91722174738479
205,2025-01-05,"Mujer","23-27","Bajo","No","Bajo",8,8,10,20.8,70,82,25.9,50,14.8,26.9,28.4,53,59.7320605153903,121.119401529016,48.469455511801,1.38426901491004,51.268811495883,40.4190269322139,17.8827271706622,5.7921526805562
206,2025-01-05,"Mujer","18-22","Bajo","No","Bajo",6,7,7,15.3,70,76.3,28.7,50,12.9,19.4,24.9,61,63.0049577316032,120.682648095583,49.3655477831521,-1.36129279536092,51.9455675018643,40.2113063929365,18.8975868382486,5.24699131923617
207,2025-01-06,"Hombre","18-22","Bajo","No","Bajo",9,11,12,29.7,70,71,43.3,50,14.7,24.3,32.1,60.8,61.5828221140107,120.688067246346,52.1669108642602,-0.188891453789276,49.5960437929555,39.6281323442846,16.4103614896032,4.5513038153519
208,2025-01-06,"Hombre","18-22","Alto","SI","Medio",8,8,10,20.8,70,59.9,50.7,50,21.1,11.2,25.2,63.1,61.822536948477,118.533802031266,50.5853883387183,0.445923635412062,49.5810004184632,41.1768491945765,16.1241900195895,3.86440031710361
209,2025-01-06,"Hombre","33-37","Alto","SI","Medio",7,9,9,39.1,70,67.4,43.8,47.9,21.3,20.6,31.7,51.6,64.1479586694932,119.299993804038,50.7712931613896,3.28944302082417,50.3461485102878,40.1155958160941,17.1316778798458,4.13732110939105
210,2025-01-11,"Mujer","23-27","Medio","No","Medio",9,11,11,13.2,70,61.6,39.7,50,16.7,15,19,64.6,66.1180611821946,120.268059664749,50.6822763776068,2.73627178416067,49.6569933081834,40.153484561679,16.2658280015919,3.11914023219706
211,2025-01-11,"Hombre","28-32","Medio","SI","Medio",8,11,10,26.7,70,57.4,40.1,50,13.9,29.4,37.5,62.7,66.9527744465291,119.384372136026,43.2218862760219,-1.59777661200059,49.6021345984465,40.3016752470199,17.6455694258282,3.91960474805611
212,2025-01-14,"Hombre","28-32","Alto","No","Alto",8,9,11,29.8,70,64.5,59.3,45.8,22.1,22.2,41.5,52.1,64.8147621219046,120.213266340915,42.83732434662,2.31256371713802,50.153727279064,40.2899133233159,15.9934316444625,3.83099861022755
213,2025-01-14,"Mujer","23-27","Bajo","No","Medio",10,11,11,23.7,70,55.3,42.7,50,18.5,26.6,23.6,64.8,65.5687989784551,121.587709180861,44.5938500279563,-0.430030545094656,48.6368430790476,39.5935109308166,16.7771132206075,2.9167239499663
214,2025-01-16,"Hombre","18-22","Bajo","SI","Bajo",8,9,10,10,70,68.6,32.5,50,10.9,20,19.7,65.6,68.6558570351063,122.151945302497,44.4923494841374,1.58104370697297,49.1401085996727,39.9499764439817,16.5971974681421,3.45913121440342
215,2025-01-21,"Hombre","23-27","Bajo","SI","Bajo",8,8,10,58.5,59.7,66.7,33.1,34.3,10.2,29,42.2,70,68.5353443531133,123.288585908796,44.5076729661889,-3.36934498202095,49.2034556730215,40.4752021696419,16.1641429982796,4.15153242791536
216,2025-01-25,"Hombre","28-32","Alto","SI","Alto",8,10,11,27.8,70,63.4,44.8,50,22,19.2,28.7,58.9,68.5670626221258,121.487998987632,46.5424264688292,-2.27331921690739,49.9606482601969,38.6987428412308,18.0932128786104,5.06829280491106
217,2025-01-27,"Mujer","23-27","Medio","SI","Medio",10,11,12,29.6,70,74.2,44.6,50,18.3,28.9,32.8,52.6,70.4896125461343,120.692154625646,47.8375126718795,0.589029592164582,48.5987767189416,38.8944420530237,18.1762288891223,5.36377000752214
218,2025-01-28,"Hombre","23-27","Bajo","No","Medio",8,9,9,23,70,70.3,36.5,50,17.9,17.6,30.7,67.4,69.7064981211031,121.118183839264,53.39289679765,1.8872399090031,49.1782515440658,39.0498592100272,18.3559157350104,4.38217824337216
219,2025-01-28,"Hombre","23-27","Bajo","SI","Bajo",8,11,11,10,70,59.7,35.6,50,10.6,15.7,18.3,49.7,68.8696636446578,123.454144889134,53.2864252138324,0.121003098169187,48.5512389169127,39.5483540386018,18.1398427521611,4.23231816804411
220,2025-01-30,"Mujer","23-27","Medio","No","Medio",8,9,11,26,70,69.7,50.3,50,19.5,25.9,23.6,51.8,68.6060205723666,123.864153698181,50.731081550215,-1.7218860898249,49.3072878638227,38.7570417408157,17.495510021949,4.90751057654073
221,2025-02-01,"Hombre","23-27","Bajo","No","Bajo",8,9,10,25.4,70,64.4,25.8,50,19,24.4,23.6,59,68.6464654428913,125.361401904482,47.703749342867,-0.63815152578515,49.3373590701571,39.6413920528675,17.2290731807329,3.99807249403582
222,2025-02-03,"Mujer","28-32","Bajo","No","Bajo",8,11,11,33,70,88.3,32.8,43.2,14,19.2,26.4,65.8,69.8133557764306,125.283637690482,50.0133899477901,-3.20500022399451,48.6685540500234,38.6789777174005,16.3447043767836,2.54714038192126
223,2025-02-05,"Mujer","23-27","Medio","No","Medio",8,10,9,25,70,58.1,36.7,50,15.1,28.6,26.7,64.8,69.9967222209602,123.670376108248,47.5957250417201,0.10769106769578,49.0436309739058,38.5923750074169,16.7044742272688,2.07909559836703
224,2025-02-05,"Mujer","28-32","Alto","SI","Alto",8,10,10,32.1,70,64.7,60.6,50,19.5,28,24.6,52.6,69.5335505519913,121.973394558482,42.0181066535063,-0.327216026402822,49.5962478933612,40.9289868546725,17.2493788228296,3.54408361751866
225,2025-02-06,"Mujer","38-42","Medio","SI","Bajo",9,9,11,12.7,70,74.4,31.6,50,15.2,11.5,16.9,48.2,68.641435225209,121.617395090827,41.1061833176166,0.793355504873042,49.951303984308,41.5689712957735,17.7758078210235,4.64289867398109
226,2025-02-10,"Hombre","18-22","Bajo","SI","Bajo",7,9,9,21.1,70,79.4,30.2,50,15.4,16.8,28.8,61.4,67.6886237644753,120.250765389684,46.1878476575401,0.83487709082081,50.9835546028242,40.1853659234424,18.8690798918642,4.79032317227044
227,2025-02-13,"Mujer","33-37","Alto","SI","Medio",11,12,12,25.5,70,60.8,53,50,18.5,27.4,35.3,49.4,66.5778970375565,122.34285190808,48.463804305488,0.580015196483327,47.7308352250156,38.9722229537191,18.9057999547734,5.06855220916424
228,2025-02-14,"Mujer","28-32","Medio","SI","Medio",9,10,11,25,70,60.5,25,50,10,23.6,31.1,54.8,65.318163677011,122.162321671749,49.7658081882496,-2.37755863494209,47.7291623864084,38.0587452441394,18.9326759717702,4.56125600633639
229,2025-02-15,"Mujer","28-32","Bajo","No","Bajo",9,8,9,36.7,69.7,66.1,46.8,40.2,20.3,21.3,37.7,60.3,64.2791496493141,122.238093556079,52.6366422333834,2.97689680116318,48.5326041857292,37.7267548313551,19.9760802380575,5.70589419912907
230,2025-02-16,"Mujer","33-37","Medio","No","Medio",7,6,9,34.6,70,64.8,45.5,50,18.7,19,27.6,57.9,63.0569906016316,123.449735047315,56.0357536921785,-1.54625915204317,50.6085113759517,38.9574196511426,21.2523909106204,7.974587692767
231,2025-02-17,"Mujer","28-32","Bajo","SI","Medio",6,7,8,14.2,70,63.5,37.2,50,15.6,21.6,23.2,65.3,62.5383564896701,124.060610154167,53.7436256282718,-3.21763469524648,51.7223402639984,39.2136930245254,22.2342489837651,7.73047747705768
232,2025-02-18,"Mujer","33-37","Alto","SI","Bajo",7,9,10,41.3,61.4,67.1,48.1,46,13.2,25.6,29.4,52.2,61.9874828317835,122.494980474374,49.6152526186597,2.53321583121924,51.4574583108918,40.7125029283057,23.8237230383821,8.86634341436418
233,2025-02-18,"Hombre","18-22","Medio","No","Alto",8,10,12,35.1,70,65.6,51.2,46.6,18.4,23.4,39,66.2,59.1752570202559,120.872653405088,53.1246777015712,5.95113810292323,50.8409199008124,41.8672409763912,24.4436487921532,9.63289250163925
234,2025-02-19,"Mujer","23-27","Alto","SI","Alto",8,8,11,21.3,70,68.6,45.2,50,19.6,26.4,22.4,59,58.9267191713495,120.977642802503,44.5717193524977,-2.79422638416237,50.975729666561,41.5409256769758,22.3958461013655,8.58638834740246
235,2025-02-20,"Mujer","28-32","Bajo","No","Bajo",8,8,9,25,70,68,36,50,17.7,18.3,26.8,57.3,58.154692884982,121.826751330287,43.8659432310868,4.2745764533981,51.2800734660856,39.9056916763114,24.853440196427,9.589137732014
236,2025-02-25,"Hombre","23-27","Alto","SI","Alto",9,9,10,39.4,65,66.4,68.3,41,19.7,20.2,37.3,62.8,56.7189692256585,122.12854070258,43.8217527596147,0.645170448968359,50.3808265257481,38.2724400405629,26.1328161937288,10.525004560818
237,2025-02-25,"Mujer","23-27","Bajo","No","Medio",6,8,9,19.3,70,63.9,33.8,50,18.5,24,25,63.4,56.1470488262261,122.269066544347,40.5742329776023,2.50324414551992,51.5349407249239,39.0413047257975,25.7380186881627,9.99190418418149
238,2025-02-26,"Hombre","28-32","Medio","SI","Alto",8,9,12,24,70,66.3,51.2,42.6,16.4,19.9,33.5,59.7,55.1198053468339,122.098901843267,46.2430812696999,0.307527718819479,50.680248256224,40.4335607864474,24.6423543653254,10.3513611966325
239,2025-03-02,"Hombre","18-22","Bajo","No","Bajo",8,10,12,20.7,70,70.7,47.5,50,18.1,22.8,28.4,70,53.2234097801198,123.834938471765,45.5207629986887,0.809955958535993,49.587518956104,40.1438040926097,23.6740094191499,9.62478985990399
240,2025-03-05,"Mujer","18-22","Medio","No","Medio",6,9,8,23.3,70,60.4,35.2,50,14.2,20.4,29.5,70,52.6087625534449,124.488543329412,51.2786252128737,0.0215967768179091,51.0031592959903,39.5167086239108,23.1427096132236,6.58087829079861
241,2025-03-05,"Hombre","38-42","Medio","SI","Medio",9,11,10,21,70,66.8,47.1,50,18,19,30.4,49.2,53.0429029451845,124.714814211961,51.5570125062372,-0.450943526938344,49.8132791354682,39.9226859578626,23.6104853701188,6.70985784219434
242,2025-03-08,"Mujer","23-27","Bajo","No","Medio",6,6,8,52.7,70,51.2,47.3,43.4,16.7,29.4,34,58.4,54.0695180249061,124.248849947811,51.8870443006685,0.572522015304994,52.5025260352325,39.8248236243881,24.4018087393518,9.37697382244446
243,2025-03-09,"Mujer","23-27","Medio","No","Medio",6,7,7,41.8,69.5,90,65,49.6,25.1,23,34.6,57.7,54.7279507731408,123.50591795585,52.1564016798209,0.576980286790737,53.0094960803709,40.3351656886952,23.5529734891897,7.53238892328754
244,2025-03-09,"Hombre","23-27","Bajo","No","Medio",11,11,12,23.2,70,74.8,37.5,50,15.7,23.5,34.9,67,54.9485834149778,123.394758622771,51.6258078391868,-3.18332155066465,49.4085888161602,41.5428064438483,23.7917833197124,8.92009621507516
245,2025-03-11,"Hombre","28-32","Alto","No","Medio",7,8,9,37.4,70,56.8,54.9,46.6,23.3,21.7,36.9,49,53.9335069193183,122.223534816418,54.9513921984694,-0.693754488437131,50.7358778722188,39.8471819158143,24.9304481801246,9.3956412581933
246,2025-03-11,"Mujer","18-22","Bajo","No","Medio",7,9,9,10.2,70,79.7,43.6,50,21.6,17.2,25.5,65.4,52.9861764313085,123.585784192399,48.0488876194697,-0.403458898699993,51.1384425527722,39.06166422934,25.5742054381421,8.81029602013651
247,2025-03-16,"Mujer","18-22","Medio","SI","Medio",9,9,11,12.5,70,76.5,54.5,50,19.4,13.9,19.6,67.5,53.3198616473898,125.499185537836,47.7602573851746,-0.152550051120569,50.4172474958971,38.4658324649537,25.8015010045648,10.8786517691779
248,2025-03-18,"Mujer","33-37","Bajo","No","Medio",7,9,9,38.6,70,64.1,39.6,43.8,17.7,21.3,40,47.4,55.1081173554924,126.000136943545,43.5701738267705,-2.49526316875597,50.539207393835,39.6616791165565,25.9132583665806,9.22353625816763
249,2025-03-19,"Mujer","23-27","Medio","No","Bajo",9,8,12,32.2,70,63.1,51,50,17.6,25.6,26.1,66.3,56.1772584685794,127.554387153078,43.057401227362,-1.53641905363895,50.4670806906409,40.6455443364553,27.0557558120335,12.0534482257419
250,2025-03-19,"Mujer","28-32","Alto","SI","Alto",10,12,12,12.2,70,67,43.9,50,18.5,18.9,28.7,65.7,55.6803314844492,128.236724889387,44.5298645999381,-1.85847083194551,48.766966340976,39.5068284577423,28.8450182194155,11.8421857723246
251,2025-03-20,"Mujer","28-32","Alto","SI","Alto",6,7,9,29,70,62.8,51.8,44.6,14.9,22,37.7,56.3,56.0581296884633,126.543363483525,47.0226586489894,-0.882197878076731,50.9124288376578,39.9183901254319,28.9406732389515,12.8662300192983
252,2025-03-23,"Mujer","18-22","Bajo","No","Bajo",9,9,9,46.6,69.6,76.7,27.3,39.6,10,31.5,35.2,68.4,57.4567284452857,124.569053896745,48.298800982363,-2.20976391603583,50.2299620775006,39.4000281017125,29.5946454455111,12.3314306184815
253,2025-03-23,"Hombre","33-37","Bajo","SI","Bajo",9,9,11,27.1,70,70.6,31.8,50,16.8,27.5,20.2,60,57.0200008686612,124.918242681568,51.6130410718423,0.0699415762912689,48.9964742747866,39.5203039788113,29.1899251622359,12.4142093042659
254,2025-03-27,"Mujer","23-27","Medio","No","Medio",9,10,10,11.5,70,61.2,38.5,50,14.1,14.1,21.7,42.2,58.5052403376689,124.582898282751,50.7159754475419,1.92123353671061,48.2145433557032,37.4778732026763,30.1274723821555,11.7033571115135
255,2025-04-01,"Hombre","18-22","Medio","No","Medio",8,9,12,13.2,70,64.2,55.9,50,22.1,20.9,29,60.8,59.9645160030306,125.694606892954,53.8715471952736,-3.00410240727894,48.9126264434519,36.9527855010259,29.2817172644353,14.3013331571371
256,2025-04-06,"Hombre","23-27","Bajo","No","Bajo",7,8,10,25.9,70,86.8,38.8,50,20.3,19.8,29.3,58.4,59.9141511863122,125.92669015182,56.2768056175374,-0.468939315363563,49.6501343501149,36.7506559914809,28.704333448969,12.0669631915431
257,2025-04-06,"Hombre","23-27","Medio","SI","Medio",7,9,9,26.7,70,64.6,49.5,45.6,14.9,22.1,29,58.2,62.4510456718318,125.050298742887,52.6340183546611,0.5036561108876,50.1066086283439,37.3713718336059,29.1138233064817,11.6294908082494
258,2025-04-10,"Mujer","38-42","Alto","SI","Alto",7,9,10,29.4,70,80.7,62.6,47.4,25.1,27.9,27.4,52.4,63.7541451707695,127.082874895332,48.7416909087662,2.28467485040316,50.4766828031344,38.1436171620311,29.5638954966395,12.2728412334219
259,2025-04-11,"Mujer","28-32","Medio","No","Bajo",9,11,12,38.1,70,66.2,44.4,45.1,15.2,25,37,49.1,64.9444872313383,125.324987807426,46.1484778690505,-2.95137086471913,48.3339738355128,39.7007393060962,27.7145078654079,11.2727490779916
260,2025-04-14,"Hombre","38-42","Bajo","No","Bajo",8,9,10,35.5,70,75.8,26.7,47.2,12.4,31.4,30.3,56.5,65.5448057968866,125.448603454001,48.027101812183,-0.263881908162907,48.8479744381202,40.4035268068034,27.7983378553647,10.8263032610567
261,2025-04-14,"Mujer","23-27","Medio","No","Bajo",9,8,10,24.5,70,54.9,45.7,50,20.5,24.3,23.3,66,65.6930630508812,126.504601231936,48.3887708920563,0.873652476666881,49.399244528193,40.6261722739876,28.9687327940475,11.7534642532121
262,2025-04-17,"Mujer","33-37","Bajo","No","Bajo",10,10,12,26,70,61.8,29,49.1,13.1,14.7,29.8,49.9,66.7907596974744,124.828209220127,47.3751779186424,1.76269934886545,49.1671884796549,39.6048738395082,30.7816130497415,13.8366292501158
263,2025-04-17,"Hombre","28-32","Bajo","SI","Medio",9,10,12,27.7,70,60.2,34.9,50,15.2,24.4,29.3,62.1,68.9178511850141,127.339686810048,47.0684538686797,-0.920231707784372,48.4654411721815,39.7828681048623,31.0204419478406,13.7793062972429
264,2025-04-18,"Hombre","33-37","Alto","No","Medio",8,9,10,24.4,70,62.8,61.8,50,20.8,19.5,30,54,71.3812050439085,129.983154068135,48.3140881980992,0.140011030198976,49.3310860769906,38.3837414392531,30.0189380968507,12.5866626634308
265,2025-04-19,"Hombre","18-22","Bajo","No","Bajo",8,8,11,17.6,70,60.2,44.7,50,16.8,26.9,31.4,70,71.0897632405873,127.677311891553,54.0641120400693,1.5374209934154,49.4534525639122,39.0245791038954,29.7118264787049,13.1931678659803
266,2025-04-22,"Hombre","18-22","Bajo","No","Bajo",9,10,10,39.3,70,72.8,50.4,41.5,16.2,21.8,32,60,70.4070650994826,125.218569869163,53.8779656853731,-0.95233263045388,48.7250005020035,39.5059794989586,30.4672797788455,12.3606646795764
267,2025-04-22,"Hombre","23-27","Bajo","No","Bajo",11,12,12,10,70,70.4,32.6,50,12.4,10.7,25.6,68.8,69.5202111593641,125.714841951941,58.3513395567094,0.696920262171676,47.0280217904544,40.357866988332,30.0132399256308,12.8917673181028
268,2025-04-23,"Mujer","23-27","Medio","SI","Medio",7,7,10,42.6,70,63.2,56.9,47.2,21.8,22.2,30.1,58.2,70.222855316036,128.342231959548,55.0021348459677,-2.05536867516053,49.8999426318094,38.6323565120169,32.7184140948357,15.7409720010262
269,2025-04-26,"Hombre","23-27","Alto","No","Medio",7,7,9,29.2,70,56.6,48,47.7,16.7,17.6,29.5,58.7,70.5811120580384,129.668824955375,55.4017280189037,-0.651070929832751,50.5306538736547,38.9669205896481,31.9129569342532,14.1135524607797
270,2025-04-26,"Mujer","18-22","Medio","No","Bajo",7,7,9,12.2,70,78.5,40.6,50,21.1,19.9,32.2,59.6,70.8820934595627,127.423661842272,50.9626558320843,0.394465107112381,51.1050385469759,40.2351660453069,30.8316461935057,13.7393837487717
271,2025-04-28,"Mujer","23-27","Alto","SI","Alto",6,8,9,30.4,70,66.7,49.1,50,19.4,18.3,28.7,55.3,70.6136145572728,125.309471855462,51.1380347063182,0.0981299420890668,51.9221083543701,40.392070820455,32.0711289281407,13.9814946744986
272,2025-04-28,"Mujer","33-37","Medio","No","Alto",9,12,11,10,70,53.3,49.1,50,19.6,29.9,23.5,52.1,69.3939471250296,128.110972268562,47.7365421583118,0.353744848634099,49.8753736641397,40.1345606674452,32.3845871975497,13.0332489684214
273,2025-05-01,"Mujer","18-22","Alto","SI","Bajo",8,9,10,13.4,70,57.7,56.5,50,10.8,21.6,35.2,61.6,69.1096988694129,129.385831080576,45.4149662321487,-0.659873406947833,49.5978356125029,40.8842542677856,31.9914054212204,13.9060667677502
274,2025-05-03,"Hombre","18-22","Medio","SI","Alto",8,10,12,28,70,73,43.3,50,22.8,30.5,21.1,70,70.2966689714978,129.848963230158,45.8279891498204,-0.724200596642199,48.9611261009898,39.4243669665622,30.3234482841788,13.3925360413447
275,2025-05-04,"Mujer","28-32","Bajo","No","Bajo",7,8,9,18.9,70,69.7,40.2,50,16.5,20.3,23.6,58.7,71.3275016638346,128.929535088175,48.3670734633672,-0.123943338202886,50.130915543413,38.8988259753869,31.1208195269711,12.7922335897238
276,2025-05-07,"Mujer","38-42","Medio","SI","Alto",8,7,9,10.3,70,69.6,35.2,50,20.9,22.8,20.1,45.4,70.3717048064579,127.282400411566,49.6897917564204,-1.03800511148299,50.7067348205986,38.3460856774923,31.0707388668923,13.3509020880448
277,2025-05-07,"Hombre","18-22","Bajo","SI","Bajo",6,6,7,22.2,70,70.1,28.4,50,16.9,22.9,36.3,67.4,69.8979434893727,126.480106458571,52.0771995730702,-0.811496265211152,51.4791683441238,38.733424589546,31.7877076592955,13.3237152923653
278,2025-05-09,"Mujer","18-22","Bajo","No","Bajo",5,6,9,31,70,67.7,38.9,45.3,20,27.7,33.4,63.9,69.8559134864835,127.125648183339,56.7396112090886,0.176247604201534,53.0338447270512,38.1973902772137,31.4229535401827,14.4526996780462
279,2025-05-14,"Mujer","33-37","Medio","No","Bajo",7,8,9,23.1,70,55.5,46.9,50,15.7,21.6,27.7,54.8,66.9198651103758,127.706673002983,57.2336631287807,0.0401899975698526,52.089820106819,38.3048029124718,31.6253071190194,12.9690074374669
280,2025-05-14,"Hombre","18-22","Medio","No","Medio",7,7,8,31.8,70,71.7,45.5,50,18.7,24.2,40.5,63.5,67.7731983350796,128.719391864712,57.5153398504058,1.61505787103491,52.6840247858178,38.8251771310725,33.1846809157251,14.5069718206967
281,2025-05-16,"Mujer","33-37","Medio","No","Bajo",11,11,12,29.1,70,66.9,42.4,50,16.7,28.7,31.2,49.6,66.4604900908769,128.095639169789,53.8151356739728,0.317809242027738,49.5293499752926,39.3265522846082,34.5568540438333,15.6517816390341
282,2025-05-16,"Hombre","18-22","Bajo","No","Bajo",9,10,11,27.7,70,62.6,25,42.9,17.8,26.4,31.4,60.7,67.7146441427328,128.967672819963,50.8446422011623,-0.684791722225144,49.1881192544032,39.7027857465105,34.0845311308285,15.2199300754949
283,2025-05-17,"Mujer","28-32","Bajo","No","Bajo",7,7,10,38.2,70,55.6,40.6,50,18.5,24.6,33.6,60.8,65.695539796386,129.987867849228,50.7754680385857,-0.148533449813309,50.0724511707823,39.2722641200813,33.7443473358208,15.3767722579144
284,2025-05-20,"Hombre","23-27","Alto","No","Bajo",10,12,11,31.4,70,69.1,55.7,50,18.8,21.8,32,52.7,63.5441272911865,129.163875473759,45.8582749630907,1.38223009699142,48.5648340250372,41.1351566502655,35.6516689925028,15.063888779756
285,2025-05-22,"Hombre","33-37","Bajo","SI","Bajo",8,9,11,46.1,70,77.7,29.5,39.2,10.6,19.9,31.3,40,60.7971196837031,127.76324519149,45.5018288827168,-1.82804216860087,49.0553457447973,39.4226940199368,35.6850750429694,16.670909646694
286,2025-05-22,"Mujer","18-22","Bajo","No","Bajo",8,8,9,49,70,59.3,42.6,46.9,12.9,22.9,37.9,66.1,61.2676177304442,128.400028809919,51.5359616821721,0.700692566373598,50.0290778905058,40.6149439955645,37.2795633530697,17.5674200014036
287,2025-05-24,"Hombre","23-27","Alto","No","Medio",8,10,10,33.9,70,72.8,48.3,50,19.9,15.9,27.6,66.6,59.7930234904135,129.900262756773,49.4895786896257,1.7517336359874,49.6775097431853,40.9524835386286,38.3078410584044,17.8676479968543
288,2025-05-25,"Mujer","18-22","Bajo","No","Bajo",10,11,12,34.6,70,73.5,40.6,45.8,12.5,25.7,33.5,56.5,59.8361849921261,129.590177465797,54.7170971168959,0.154622117004028,48.6319872739431,40.5860883860837,38.0958464475193,18.2035394435149
289,2025-05-25,"Hombre","38-42","Bajo","No","Bajo",8,10,10,18.9,70,78.3,33.5,50,17.4,16.2,23.9,40.7,58.469085660108,130.396469664721,57.0845965565878,-1.45166675131992,49.0394478538117,39.4657717093162,37.8743738765468,17.4246304535118
290,2025-05-28,"Hombre","33-37","Medio","No","Bajo",6,8,8,33.3,70,56.7,41.4,50,15.3,23.3,29.8,41.8,57.7410640299465,129.308722324647,60.2289278013028,-1.44437384248493,51.0724510041672,39.2568098440208,38.0017335199066,17.559540605502
291,2025-05-28,"Mujer","18-22","Bajo","No","Bajo",6,9,9,30.9,70,54.6,27.8,50,15,25.1,31.9,55.2,58.0954033091813,126.926417927405,56.2431762867033,-0.481156609993797,51.1486177059524,39.0868053490715,36.9043414167607,16.3400933319621
292,2025-05-29,"Hombre","28-32","Bajo","No","Bajo",8,8,10,16.9,70,69.7,43.6,50,16.2,17.6,23.9,60.1,57.5455309705308,127.714698653857,58.5825293782534,1.08060156659231,50.3558942547579,38.0571011994005,36.447599210196,16.7332639183959
293,2025-05-31,"Hombre","23-27","Bajo","No","Bajo",9,10,11,11.5,70,66.3,29.9,50,11.8,25.9,23.1,50.8,56.0017596116435,127.726455030131,53.7269481386271,-0.208315610867071,48.9989442101633,38.2291534216964,36.7771529324333,16.261214753108
294,2025-06-03,"Hombre","28-32","Bajo","SI","Bajo",7,8,9,10,70,62.1,33.8,50,12.9,22.3,20.7,55.2,55.868819105606,128.816562200694,55.9323398279395,0.366849224439362,50.194363218168,37.9151926284295,37.2822132853088,17.2161559748346
295,2025-06-04,"Mujer","38-42","Alto","SI","Medio",9,9,10,32.9,70,67.9,34.7,50,16.3,25.3,35.2,60,56.5977199112309,130.490407760729,55.8864580886632,-1.80475262324191,49.8911113426455,39.0306360462666,39.2636627188052,18.3528151454816
296,2025-06-05,"Mujer","18-22","Bajo","No","Bajo",10,11,10,27.5,70,72.6,30.1,50,10,22.8,30.5,67.4,55.1693426739069,130.291058270534,50.3118180629321,0.774167454250242,48.9405924182512,37.5950953170111,41.4614412733211,19.0919497083684
297,2025-06-07,"Hombre","33-37","Alto","SI","Alto",8,9,10,42.5,70,65.9,50.3,50,21.8,22.2,36.4,63.6,55.2242011207235,129.543742881345,48.1032527923192,0.674536436528594,49.1603405662473,37.4911859734069,39.8987694107655,18.6606007991019
298,2025-06-08,"Mujer","33-37","Medio","No","Alto",11,12,12,38,70,69.1,41.4,46.6,14.1,22,30.8,47.6,54.5709693507423,128.720064008931,47.310308318991,0.878071041012272,47.1569026965759,37.5086969052613,39.7406431452477,18.1225590967205
299,2025-06-09,"Hombre","38-42","Alto","SI","Alto",10,12,12,15.1,70,69.2,51.2,50,21.7,17.9,24.8,46.5,56.7587725083607,129.408516675957,52.8026978766834,0.736363582764853,47.0271476160324,37.4197374538821,40.7864878571673,19.6909529688517
300,2025-06-10,"Hombre","28-32","Medio","No","Alto",8,8,10,32.3,70,81.1,39.1,50,18.3,20.6,39.9,56.6,57.010065288514,129.052221812686,53.7046334314831,-1.92178810442212,48.5622116741063,38.9653163497322,39.1296802092787,18.4567107735719
301,2025-06-14,"Mujer","18-22","Alto","SI","Alto",6,9,10,34.4,70,67.5,45.2,50,20.8,24.3,32.4,69.4,58.8817894003819,128.43773525016,58.7080506163236,-1.41996860324407,50.4169816296245,39.5859112419637,38.8222866676704,17.9402496556957
302,2025-06-16,"Hombre","23-27","Alto","No","Medio",7,10,9,10.1,70,64.8,55.7,50,22.9,16.5,18.7,50.6,60.4936338464813,129.053630022743,59.7074120337694,0.54920008734767,49.9334339642927,39.7662567668923,37.2170786054133,15.6738208725978
303,2025-06-17,"Hombre","38-42","Bajo","No","Bajo",8,9,10,28.2,70,72.3,25,50,10,21.2,35.2,59.6,62.0925469922873,130.996350661332,62.420768452827,-0.455653539915225,50.2735060693947,40.1963322568135,36.1770802987239,15.7634875417175
304,2025-06-17,"Mujer","33-37","Alto","No","Alto",8,10,11,19,70,69,50.6,50,15.7,19.3,29.8,48.6,59.9889788594793,130.814811030273,56.2178654754426,-0.38825646334815,50.3928346405189,41.646768623894,36.6268792259992,15.8538438373612
305,2025-06-17,"Mujer","33-37","Alto","SI","Medio",9,10,12,26.2,70,64.4,48.1,50,21,16.5,25.8,52.4,61.7134708794551,131.651157957546,59.2128027605365,-1.73347670414834,49.1870281323721,41.2560944589489,36.1501877799477,16.3917298365158
306,2025-06-21,"Mujer","38-42","Bajo","No","Medio",7,9,10,42.3,67.3,59.5,36.7,48.1,20.8,22.9,34.4,44.9,62.2465034005159,129.574739053142,51.5353213551279,1.25091474260331,49.6242460538866,39.3224598161839,34.9452671080438,14.5911888424721
307,2025-06-21,"Mujer","33-37","Bajo","No","Bajo",9,9,10,15,70,69.2,43.3,50,18.1,19.7,21.2,57,63.6408774357217,130.289934843155,49.8506585119109,1.25359432551406,49.7943422157181,39.1646706507805,35.9750384093823,15.7880911369454
308,2025-06-22,"Hombre","28-32","Bajo","SI","Alto",8,9,11,17.8,70,81.1,43.8,50,20.8,22.1,29.8,45.6,65.2667245102779,131.908529783287,51.4149173307759,0.911561838172856,50.0297622753461,39.8469183686212,36.2039686841336,15.7071269320767
309,2025-06-22,"Hombre","33-37","Alto","SI","Medio",10,11,12,17.5,70,66.3,50.4,50,18.9,20.6,28.2,53,67.5699033507897,131.457456188247,49.0833335003117,-0.98640545335716,48.7198262497669,41.4245739675338,35.7756756006171,15.9049020198902
310,2025-06-22,"Hombre","33-37","Medio","SI","Medio",6,9,10,17.3,70,66.1,42.7,50,15.5,16.8,23.7,53.8,67.954628351889,128.505671960293,51.2714555774014,1.59146575999459,50.2247368470597,42.1450519732819,35.0190911258721,14.6455094937237
311,2025-06-23,"Mujer","18-22","Medio","SI","Bajo",8,9,10,40.4,70,67.4,46.2,42.7,15.7,29.7,36.7,65.2,68.229072392155,129.033400604137,53.2939154099153,-0.844535233586609,50.7378824471752,42.1614843899151,35.3034183270984,14.582614388151
312,2025-06-30,"Hombre","28-32","Bajo","No","Medio",8,10,10,20,70,81.4,40.4,50,17.5,21.4,24.1,57.6,67.8603071499489,131.709319650397,54.2712356778642,-1.66426390017506,50.7060520969086,41.1427373833674,35.8718719983393,14.9509091622537
313,2025-07-01,"Mujer","23-27","Medio","No","Bajo",6,9,9,52.8,68.3,67.8,33.8,45.1,16.5,23.3,32.6,58.9,69.844877952503,131.620603291377,57.6430790300331,0.0763143787682036,51.2362896450701,40.2261537204196,33.7805875993866,12.8493201383236
314,2025-07-02,"Mujer","18-22","Bajo","No","Bajo",7,9,10,19.3,70,74,35,50,12.7,22.2,23.5,70,71.0955606557985,131.114362141021,62.2058960577415,-1.21571709209046,51.2127873643739,40.2314060019652,34.8580112822685,14.4722561399882
315,2025-07-03,"Mujer","33-37","Medio","SI","Medio",7,7,9,17.3,70,59.3,45.2,50,14.4,20.9,15,54.7,73.3833847442012,131.798435230354,58.4411600676999,-1.62542506568938,51.7281106437351,39.0883703320843,34.2373092961746,14.5544487285459
316,2025-07-04,"Mujer","28-32","Medio","No","Medio",9,10,12,34.3,70,62.5,53.4,45.2,20.5,23.2,29.4,58.8,74.3134708746879,132.199242690187,60.7417371667155,-1.15766387178392,50.2479766912453,40.6835306158191,34.5480892048254,14.2213978521049
317,2025-07-07,"Mujer","28-32","Alto","No","Medio",8,9,10,23.3,70,61.9,52.2,50,17.6,16.5,33.5,59.8,73.7207159766476,131.322209921836,60.6035405429305,0.755549885908296,49.7879107671754,38.4995795265731,34.4864355302965,14.2207778922069
318,2025-07-08,"Hombre","38-42","Medio","No","Medio",6,9,10,10,70,59.2,42.8,50,20.8,16.3,26.3,53.3,74.1811151626018,131.51506464893,57.9253156350666,-1.02255097377279,50.2663225900166,39.7113947633181,33.7102728888277,13.3344158196371
319,2025-07-08,"Mujer","23-27","Medio","No","Bajo",7,8,8,30.4,70,61.1,33.8,50,15.5,23,28.8,46.9,73.5391244116196,132.563830706112,50.7446756464974,-0.289029471618757,50.5831486653919,39.300810912666,34.3284584999816,13.103728765535
320,2025-07-09,"Hombre","18-22","Bajo","No","Bajo",7,9,10,22.3,70,64.5,46.4,50,17.2,23.1,29.2,51.7,75.8167793832992,132.17943785858,53.0669476691947,0.308355471973084,51.3321685012509,39.0721422359648,34.7818842356219,13.6792229636345
321,2025-07-09,"Mujer","18-22","Bajo","SI","Bajo",10,11,12,38.8,70,61,35.3,40.1,10,35.4,41.5,67.1,75.1727605357511,131.317643024323,52.0227865447096,0.269629952805856,48.8646758554595,40.1485948877234,34.0003790650954,13.9501632433702
322,2025-07-11,"Hombre","23-27","Alto","No","Alto",8,9,12,31.3,70,70.4,56.4,48.2,23.7,24.1,35.1,63.4,73.94337193761,133.502486200997,49.7347434284443,0.831072366958306,49.3973209460272,39.4060057535685,33.7228814334924,13.9926008318448
323,2025-07-12,"Mujer","28-32","Bajo","SI","Bajo",8,10,11,35.7,70,68.9,31.9,47.6,14.4,24.4,31.1,58.4,75.1088107315086,133.71503379567,53.0953055326729,0.048757784146795,49.2656072953207,40.945346611757,33.3096698307506,12.7404360894168
324,2025-07-13,"Mujer","23-27","Medio","SI","Medio",10,11,12,25,70,65.6,40.5,50,15.9,26.6,32.1,70,74.7574190343576,132.766674744092,54.1254257041582,1.2468276718329,47.8590913300835,41.7905015293239,32.1518822050432,12.0530528759102
325,2025-07-13,"Mujer","23-27","Alto","No","Medio",8,9,10,26.1,70,69,43.2,50,16.9,18.6,31.4,63.4,74.4961384293022,132.705256094337,57.1378887605561,0.400785791682035,48.2693185361761,39.6307685135257,29.9372547416484,9.85643479591679
326,2025-07-15,"Mujer","38-42","Alto","SI","Alto",6,9,10,10.7,70,60.3,40.3,50,19.8,19.3,17.7,52.5,74.045976922425,132.421777231398,57.4465226000097,-1.28469171532747,49.9247935305176,40.3013669479407,30.1154421767597,10.3250226424574
327,2025-07-16,"Hombre","18-22","Alto","No","Alto",7,7,9,21,70,55.8,45.1,50,22.2,23.3,28,56.2,73.4104370785056,133.343496778876,57.2304984675989,-0.326620469692265,50.9327709404596,39.1174326983298,29.1434721628296,9.86090417639784
328,2025-07-16,"Hombre","38-42","Alto","No","Medio",9,11,10,15.2,70,64.2,57.7,50,18.8,23.1,23.2,53.1,73.0020429838066,132.793137043335,58.164418216918,-1.58364287817555,49.6314174152559,39.4295399980751,30.7219483379321,8.9050701464266
329,2025-07-18,"Mujer","23-27","Medio","No","Medio",8,8,9,26.2,70,69.1,62,50,24,20.8,31.3,61,72.77465174517,132.602458413895,60.1601648081785,0.220025761813451,49.9163647578604,39.9682089452419,29.4728850847545,9.01803295812083
330,2025-07-21,"Hombre","33-37","Bajo","SI","Bajo",10,12,12,35.1,70,55,35.5,41.5,12.4,24.6,39,47.7,72.9516488631527,133.456152418046,57.9285895387067,1.25468596333348,48.4502600987046,40.0227672190243,30.9201976351811,9.77524249811456
331,2025-07-22,"Mujer","33-37","Bajo","No","Medio",9,11,12,15.1,70,64.9,35.6,50,14.5,21.5,33.8,52.3,71.0411415750588,135.048802011084,50.9940247925776,-0.35865209036075,48.1401004584591,40.9431762653972,29.9969365781884,9.69500306104982
332,2025-07-24,"Hombre","23-27","Medio","No","Medio",9,9,11,28.5,70,70.1,37,48.1,15.2,23,31.8,67.7,71.2785574317811,134.656185073647,54.2832025132142,-0.827115145324076,48.6441401874537,40.2701738437739,28.7543159562503,9.13335158856077
333,2025-07-26,"Mujer","28-32","Bajo","No","Bajo",8,9,12,24.5,70,78.3,29.9,50,15.8,25.1,21.4,67.3,69.2327949767283,133.269080278702,47.7843320656153,-0.655269044428725,49.5184596003999,41.6050850972405,29.5473361559199,10.4703357133286
334,2025-07-26,"Mujer","23-27","Alto","No","Medio",9,10,12,20.3,70,62.5,49.1,50,17.6,20.1,19.9,55.9,68.6890472101405,133.192440766634,51.6561914883326,-0.620218588376818,49.0494472293008,42.0096846094416,28.8723411967638,8.906147265961
335,2025-07-27,"Mujer","23-27","Bajo","No","Bajo",8,9,10,30.2,70,63.1,37.1,50,19,24.5,26.1,51.5,66.5653151789126,132.931140219293,55.0425546931707,-1.00780043949336,49.3864041458382,41.7981878864913,27.8257783259943,7.71907912348904
336,2025-07-27,"Mujer","18-22","Bajo","No","Bajo",9,11,11,21.2,70,68.5,25,50,14.9,26.1,24.7,70,64.8541718064739,135.10718205769,56.872489595372,-1.10940095436749,49.433283292762,40.7753424180654,29.4398503430529,8.93275496319095
337,2025-07-29,"Mujer","33-37","Alto","No","Medio",9,10,12,26.3,70,61.4,48.8,50,17.8,19.4,27.9,59.1,64.1044727661793,133.966557658235,58.5309810412678,-3.1056553877723,49.3229823238952,40.3669388551393,29.9023242242207,9.68392147731779
338,2025-07-31,"Mujer","23-27","Alto","No","Medio",11,11,12,13,70,78.7,45.8,50,18.3,22.1,23,66.3,63.3523997194172,133.874036046504,59.6704412224612,2.20378639009579,47.9195668126313,40.1770299775973,30.5461536917363,10.6203962851671
339,2025-08-03,"Hombre","28-32","Alto","SI","Medio",8,9,9,16,70,72.4,48.6,50,19.9,19.1,17.6,51.8,62.3661663133548,133.77200055597,64.3034427383367,1.23598133428284,49.7111717836959,39.0336790300426,33.5115077867664,11.6356877095806
340,2025-08-04,"Hombre","38-42","Alto","SI","Alto",12,12,12,16.2,70,66.4,46.1,50,20.2,22.2,25.2,38.3,61.8071368810024,133.915121891139,62.1136081527258,-0.141481213765212,47.0228313750286,39.5047711568581,34.7059333973834,12.5267633249422
341,2025-08-06,"Hombre","18-22","Bajo","SI","Bajo",12,12,12,26.5,70,68.5,40,50,15.1,27,28.4,66.9,59.0661437287619,133.077593852028,60.3246988677382,-0.163686348245855,45.9306974179744,40.2668159663372,36.4535029766254,13.9025093650467
342,2025-08-09,"Hombre","28-32","Alto","SI","Medio",6,9,10,19.2,70,61,53.9,45.3,12.4,20.6,32,53.8,59.0550866831791,132.832351199146,57.4953096683584,0.616737152659395,48.8296230119232,37.1366486572404,34.3013348122074,12.7080997038346
343,2025-08-09,"Mujer","33-37","Bajo","SI","Bajo",10,12,12,33.5,70,60.7,37.1,46.8,10,28.5,37.3,53.7,59.0773069906218,133.548658575842,53.8597391610851,-0.344568486140035,47.5632953719506,37.5116035543739,34.42425552839,12.1250984793926
344,2025-08-11,"Hombre","23-27","Bajo","No","Bajo",9,9,12,12.7,70,75.1,25,50,11.1,20,20.3,57.3,58.8556672439306,133.800950452481,48.0123009136772,-0.960691572566927,48.1078596799714,37.5288308483903,33.8190498613644,13.3363713077373
345,2025-08-12,"Mujer","18-22","Bajo","No","Bajo",5,8,9,31.9,70,56.5,28.1,50,12.7,25.8,28.2,55.8,59.6512227605135,135.543573358717,48.0795212781766,0.344677820417428,50.311942109291,37.5585107600663,33.8177741217854,12.3993917937924
346,2025-08-14,"Mujer","23-27","Bajo","No","Bajo",8,10,11,32.6,69.9,65.1,28.7,50,11.3,25.2,31.9,50,59.7784537656724,135.59814266912,52.5774104282635,3.32411897072893,48.7268000073519,38.0212076463206,31.6444957280672,10.2018768811287
347,2025-08-15,"Mujer","28-32","Alto","SI","Medio",10,11,11,19.5,70,72.6,39.7,50,13.2,19.4,33.4,51.9,60.6058284660863,134.794886054225,55.2947883418644,-2.08226361925989,48.3945884147667,38.9823036171711,33.7417174640988,11.2662842235231
348,2025-08-15,"Mujer","38-42","Bajo","SI","Bajo",7,9,10,23.1,70,68.7,40,50,15,19.4,23.9,50.6,58.8945450305115,134.063922346657,57.0396084623219,-0.470997918504885,48.8194945654935,38.034284329753,30.900573455649,9.97588953825045
349,2025-08-15,"Hombre","23-27","Medio","No","Bajo",8,9,11,39.5,70,67.7,36.8,44.7,12,26.8,37.2,66.2,58.998457791288,132.03114059673,60.5115972029259,0.653978651366293,48.9024004089591,39.9417939532541,30.346041387229,10.2878769123929
350,2025-08-16,"Mujer","28-32","Bajo","SI","Medio",9,10,11,39.1,70,57.2,35,42.7,17.9,20,31,52.8,59.044901355231,132.378970281758,62.9640497579836,-1.19772521159544,48.8235958866314,38.6855597047027,31.4932356422148,10.4171999898017
351,2025-08-16,"Hombre","33-37","Alto","No","Alto",9,11,11,22.4,70,67,52.3,50,23.8,20.5,30.8,53.3,58.7010470975119,133.982862214751,66.0844502906991,-0.0821359370231103,48.1130466201539,39.2966864560966,33.2169117115909,10.7090852356208
352,2025-08-17,"Mujer","28-32","Bajo","SI","Bajo",9,11,11,24,70,61.1,33.7,50,10,25,25.8,58.2,58.0004077789536,134.745029305395,62.0451005750371,1.05960508085937,48.1325664309433,40.4028747739461,33.3576481672299,11.1827747252203
353,2025-08-18,"Hombre","18-22","Bajo","No","Bajo",9,11,12,10,70,57.9,40.5,50,11.8,21.3,20.3,70,59.4136258386292,135.588314455706,61.418310217353,0.427984887804552,47.7475684488918,37.8654047355438,31.8253876414633,11.6918466771946
354,2025-08-19,"Mujer","28-32","Medio","No","Medio",7,8,9,49.5,64.4,67.8,45.5,40.6,15.9,32.3,38.1,60.4,61.956878531693,135.273713174628,56.6846682868752,-1.4255175078878,49.2856409349305,40.2939254221664,31.1530563859895,9.90773689823217
355,2025-08-19,"Mujer","23-27","Medio","SI","Bajo",9,9,11,38.5,70,71.1,40.2,46.7,17.2,20.2,35.8,58.5,62.6825444556971,135.541652163206,56.0745427255197,-0.477550139713787,49.8783654520194,39.9324853841942,32.7138971232856,11.2080510155405
356,2025-08-19,"Hombre","38-42","Bajo","No","Bajo",7,8,10,26.7,70,73,41.2,50,16.9,25.7,25.8,54.3,62.2753171956551,135.648286787617,54.3601435802692,-1.36906856421993,50.7919545440187,38.6264932183904,31.9395819596743,11.0367773087909
357,2025-08-20,"Hombre","33-37","Medio","No","Alto",7,9,8,16.7,70,73.4,49.6,50,22.2,21.6,22.9,55.6,63.5092531531627,135.309644948856,52.8915280936283,-0.41736432976781,51.2339625427624,41.134939457883,32.0719070445653,9.06428483577435
358,2025-08-22,"Hombre","38-42","Medio","SI","Medio",9,10,10,14.1,70,65.4,41.5,50,16.7,17,26.9,58.8,66.1448736910758,136.400346949392,55.8914686955384,0.517683883673265,50.952251793176,39.9164837948515,33.5050823433353,10.4949194623162
359,2025-08-29,"Hombre","23-27","Bajo","No","Bajo",9,10,11,38.3,70,68,32.4,48.1,11.9,23.6,26.7,70,67.0202123475959,136.309678902617,55.112562624053,-0.991024617604538,49.9950918836477,38.6446007136135,32.9694169937658,10.6653049066166
360,2025-08-30,"Hombre","33-37","Alto","No","Medio",6,8,9,32.3,70,62.9,55.1,50,20.4,24.5,34.6,44.7,65.9566084690505,134.779205493017,57.1986669426194,-0.962585870105613,50.4720953128837,37.9310983168608,30.8986947158404,9.46350309153631
361,2025-08-31,"Mujer","18-22","Medio","No","Bajo",7,7,9,36.7,70,69.1,46.2,44.6,16.9,25.5,40.4,63,67.9302347888733,133.75802167567,62.1655867349878,-1.32541518070934,51.3741816368155,40.4161529301902,32.5654520869875,11.0066840376967
362,2025-09-01,"Mujer","33-37","Alto","SI","Bajo",9,10,11,20.6,70,72.5,65.9,50,15.4,22.1,20.8,48.5,68.7514613663386,133.515341291944,66.4614412402863,0.351774912550686,50.2611383313563,40.9882516531162,32.1825848477455,10.330898250039
363,2025-09-02,"Hombre","33-37","Medio","SI","Bajo",9,9,9,23.8,70,71,35,50,12.2,19.2,18.1,48,69.0070508448667,137.08470964234,65.0183311082441,0.130370697957922,50.3259826978739,40.8012591756944,34.2899135023224,11.0751035870882
364,2025-09-03,"Mujer","28-32","Alto","No","Medio",8,10,9,41.7,70,82.6,54.2,47.8,23.2,24.5,39.2,70,72.7268901392302,139.390061647322,66.8115057501199,0.506981886955089,50.5995205576692,41.505124335995,35.0486254764111,11.0235414497157
365,2025-09-03,"Mujer","23-27","Alto","SI","Alto",4,6,8,20.1,70,71.8,61.4,50,20.6,16.1,32.6,57.8,72.8882147516887,139.589882367381,64.9478057424363,1.08604190044148,52.5409676423278,40.4735634462154,32.7407962159818,10.9486319466009
366,2025-09-04,"Hombre","28-32","Alto","No","Alto",6,8,8,16.2,70,58.5,58.4,50,28.3,17.8,27.4,54.2,72.7395766748482,138.072694316994,57.7141409489323,0.714125343242054,52.2362488911593,40.1205582786535,30.7812557623989,8.19933103972762
367,2025-09-08,"Hombre","38-42","Alto","SI","Medio",7,9,8,10,70,69.7,47.8,50,20,23.3,22,52.4,73.2603221805849,136.092358939102,59.6854079633645,-0.399744709371205,52.3589472622105,40.0914912271391,31.7528183003658,8.40410487788628
368,2025-09-12,"Hombre","23-27","Medio","No","Medio",10,12,12,33.3,70,68.3,40.7,50,19.3,25.1,33.6,55.2,74.6132596486839,134.993086220493,54.8074475119835,0.802101264416716,49.54192597338,41.6454391228114,31.8393883296051,9.07489620523064
369,2025-09-16,"Mujer","23-27","Bajo","No","Medio",8,10,12,45.1,70,64.8,30.1,46.5,18.7,23.8,37.5,59.5,75.1765054716629,137.146508767313,58.3454521547207,-1.70619908766726,49.101740332236,40.9016423921059,29.3409911795041,8.06805593481535
370,2025-09-19,"Mujer","28-32","Bajo","No","Bajo",8,10,9,25.6,70,44.3,40.3,46,14.9,24.5,33.4,47.1,74.6820240300308,135.763469958271,55.8928481685449,1.51650650753079,49.7178969277727,39.5391513855611,30.786633486691,7.1948484480567
371,2025-09-21,"Mujer","33-37","Medio","No","Medio",8,11,10,26.6,70,72.2,45.3,50,19,19.8,29.4,48,75.2405545329756,138.387789073133,54.4257964193617,0.557449124629318,48.6243526089665,40.255324495461,29.1699710578085,6.40270410857747
372,2025-09-23,"Hombre","23-27","Medio","No","Medio",10,11,10,40.1,70,63.4,40.8,45.9,19,25,32.8,65.4,75.9980208181516,138.141302684426,59.1063658498741,-1.38797603458201,48.4779400491414,39.3119048318818,30.821723889533,7.3018957821695
373,2025-09-23,"Mujer","28-32","Medio","SI","Medio",7,9,11,39.3,70,60.9,38.9,44.2,14.9,33.8,34.9,53.5,75.0255764338577,137.551211093159,60.4138810522856,1.75111757958736,49.5796331380098,38.5946909843903,28.9174335564863,7.61084965656673
374,2025-09-23,"Mujer","33-37","Alto","SI","Medio",9,11,12,24.1,70,58.8,55.7,50,16.9,21.7,26.7,54.2,77.3929492747691,138.847350399105,60.5590828466621,1.46017265081605,47.8898992310694,38.8104068584653,28.2498829200244,6.88366659472246
375,2025-09-26,"Hombre","38-42","Alto","SI","Medio",5,7,7,25.7,70,55.3,55.3,50,13.5,15.7,27.4,55.5,79.2073191437859,139.571411830984,65.3998809832172,2.43899393227255,50.9511937599743,37.8554486740795,27.7442579104129,5.8771078712532
376,2025-09-26,"Hombre","23-27","Bajo","No","Bajo",8,9,10,50,58.8,63.1,25,39.4,11.1,30.9,37.9,67.7,78.1935141865815,140.828092430674,60.3407272211721,0.4969917910131,50.4758301521303,39.6230558872405,26.9674216728112,5.29982593423111
377,2025-09-26,"Hombre","23-27","Medio","No","Medio",9,10,10,39.4,70,71.5,35,50,13.6,28.6,24.5,64.7,77.687312454952,138.220366084846,66.8722973271364,1.84990803413407,49.4508000204628,39.8671465191042,26.9223940113124,5.14189361484766
378,2025-09-27,"Mujer","28-32","Medio","SI","Alto",9,10,10,35,70,79.8,32.2,49.9,18.6,20.9,27.1,53.9,77.7571085821211,138.187199474294,59.2114746653758,1.2795006200974,49.1480615143078,39.155049697876,27.1667075720799,4.91650664765616
379,2025-09-27,"Hombre","23-27","Bajo","No","Alto",7,8,10,20.4,70,64.2,52.4,49.3,21.4,24.4,32.5,50.4,77.7280950227867,138.965368797959,55.0817370453057,1.51636361923942,50.4806037727719,38.1888616068953,28.3032773079262,6.73162701568998
380,2025-10-02,"Mujer","28-32","Alto","No","Medio",7,8,10,44.3,68.2,57.2,44.4,49.1,21.1,23.5,31.6,57.4,76.1896100516246,138.795211808814,56.9097081437668,1.35517141287959,50.5556037297262,37.735993037335,29.2639955503052,7.84014641483114
381,2025-10-03,"Hombre","23-27","Alto","No","Bajo",8,9,10,28.5,70,61.1,50.1,50,17.2,14.4,21.2,63.8,74.7214381050992,138.628648627996,53.436379517229,0.629530692067136,49.7598371269123,39.9849167081163,29.1324688684261,6.45085536886122
382,2025-10-04,"Hombre","28-32","Alto","No","Medio",9,10,11,22.2,70,51.6,48.3,50,15.8,21,32,48.9,74.0444726957209,138.141996993511,58.4669928508639,-2.73690148826023,49.3588867985406,40.0447446789043,28.3259785845957,6.16420573821714
383,2025-10-04,"Hombre","33-37","Medio","SI","Medio",8,9,11,27.4,70,60.1,42.4,50,15.4,18.2,33.1,56.4,72.3982854821576,137.117811475945,61.2950591471226,1.82572080208851,49.5907786191666,40.6646381366367,27.7423298656714,5.93378603674172
384,2025-10-04,"Mujer","23-27","Bajo","SI","Bajo",10,11,12,35.3,70,60.8,31.5,50,10,28.7,25.6,65.5,73.9817554919175,138.676835868644,58.1973601137652,-0.655272147674988,47.8533423200777,39.7779396467363,27.8358724751933,5.71110636950239
385,2025-10-05,"Mujer","23-27","Medio","No","Medio",8,8,11,53.5,70,75.6,45.9,41.1,19.6,19.4,32,51.1,72.2357115920407,140.257740111567,62.0096791986994,-2.65671991412913,49.1686949493847,38.4783221993538,26.877058647383,6.07864037053038
386,2025-10-06,"Hombre","28-32","Alto","No","Medio",9,10,11,18.1,70,65,44,50,11.3,25.9,23.5,44.3,71.1737458353126,140.513118418602,64.5409756034852,0.375273486164639,48.5386903504058,39.8389932505155,28.2511601182376,6.19926025185454
387,2025-10-06,"Hombre","33-37","Alto","SI","Medio",9,9,10,19.9,70,69.8,57,50,25.3,25.9,25.9,51.2,69.4852423223412,137.952878204481,64.6350282127885,-0.831754938165129,49.2585893064619,40.5430032980305,29.014495606976,6.84551361599339
388,2025-10-08,"Hombre","23-27","Medio","No","Medio",7,7,9,24.6,70,66.3,36.1,48,18.7,24.5,40,66.3,70.2138242598162,138.447663299471,66.0647552383142,-2.13472989474304,50.5183090641853,40.0685445339837,27.8289080467663,6.27758057815619
389,2025-10-11,"Mujer","38-42","Medio","No","Alto",8,9,10,20.4,70,58.8,50.4,47.3,24.1,13.7,35.4,41.3,67.1162115049228,140.730220090628,64.5615765464492,0.306058619803818,50.4778808736899,39.407838927594,27.8175218266203,5.47282895118895
390,2025-10-13,"Hombre","33-37","Alto","No","Medio",7,7,8,10,70,64.6,52.6,50,21.2,10.5,19.1,50,67.3928094915624,140.202952448792,60.7939402171975,-1.18303078835168,51.6923919812004,39.1882319785558,28.7631207575155,6.88125065513128
391,2025-10-14,"Mujer","23-27","Bajo","SI","Bajo",8,9,10,53.3,64.8,68.4,35.1,44,15.3,26.5,33,60.4,66.1356421075238,139.507905163418,59.8726393488505,1.18257452679074,50.6285872140394,38.2631132267624,29.375942219344,6.72165186982784
392,2025-10-15,"Mujer","33-37","Bajo","SI","Bajo",8,10,9,32.7,70,67.2,41.4,50,21.9,24.8,35.4,50.9,66.2583005395656,139.549109051572,57.009826783163,-0.103618976644226,50.173995617011,37.7351962091347,31.0041719476342,6.51936054255523
393,2025-10-16,"Mujer","23-27","Bajo","No","Bajo",7,7,9,28.3,70,74.5,37.1,50,16.2,24,27.8,62,63.8355783442916,139.161707886045,59.3486954693568,-1.17357875593853,50.7959418102033,37.4355692516598,29.3346261782233,7.38100518565814
394,2025-10-16,"Mujer","23-27","Alto","No","Alto",8,10,9,10,70,73.1,54.7,50,21.3,18.8,15,60,62.7378268104998,139.844782261724,60.12428963705,1.45323035640337,49.9246832378624,39.0205791858354,30.8845787118935,6.95471937351433
395,2025-10-17,"Hombre","28-32","Alto","No","Medio",7,9,10,28,70,69.2,40.9,50,10,19.8,31.3,48.2,62.0320898450656,139.522193194407,57.3534618335274,-0.524457311012662,50.1575409268011,39.6255748005993,28.7657940647785,6.24409838569047
396,2025-10-17,"Mujer","28-32","Alto","No","Medio",7,9,11,23.7,70,53.8,44.3,50,18.7,16.3,29.3,45.8,61.3035176021415,139.097250111077,63.4920567286135,0.438349813810702,49.8651823371873,41.9413581786446,27.1688988583397,5.46601662471381
397,2025-10-17,"Hombre","18-22","Bajo","No","Bajo",7,7,8,30.7,70,75.2,27,48.3,12.2,23.2,31.7,67.1,62.7381835682727,138.201701604628,64.2343330403323,1.06565861278897,51.8501626707543,42.9544014812805,27.8519638906677,5.33581990719425
398,2025-10-18,"Mujer","23-27","Bajo","No","Bajo",8,10,11,16.3,70,60.1,25,50,12.4,20.8,16.4,61.4,62.3615485593267,140.192714945666,62.7044748404675,0.329120409425046,50.632776081603,40.6308428792451,26.2593448070901,4.12779656495119
399,2025-10-19,"Hombre","38-42","Medio","SI","Medio",8,8,10,40.2,70,61.2,41.4,39.6,14.6,28.9,32.5,48.5,62.3893549386468,143.180186280355,65.6903842587736,-0.485745837962118,50.6387833946284,40.9422757350913,26.6130241609128,4.91479642714367
400,2025-10-20,"Hombre","33-37","Bajo","No","Bajo",9,10,11,26.4,70,65.7,33.2,50,12.8,23.8,32.9,45.4,61.7756869280136,141.673525994825,64.0917269453991,-0.718437108417983,50.7584366069221,41.0873475455912,29.8981907864429,7.3795893556622
401,2025-10-25,"Mujer","23-27","Alto","SI","Alto",10,12,12,30.1,70,62.1,41.8,50,17.2,20.5,29.1,56.8,61.1810808995594,141.806222452614,64.3235263500242,0.704496892423242,48.9680566644771,41.5783187129455,30.6017655782689,7.68292536945669
402,2025-10-25,"Hombre","38-42","Bajo","No","Bajo",7,8,10,21.6,70,57.1,25,50,10,20.5,22.2,54.1,63.082742800649,141.850907147132,63.2540454180694,0.601379003978553,50.32742017932,39.9293791280596,28.4067794859054,6.52880931453587
403,2025-10-26,"Hombre","38-42","Alto","SI","Alto",10,12,11,26.5,70,68,69.5,49.2,20.6,23.8,33.1,45.5,61.8396563466573,140.029182018877,61.7232726469317,-0.657196815264712,48.1593995217248,40.5869661596582,29.3543575826871,5.20424233608743
404,2025-10-28,"Mujer","28-32","Bajo","No","Bajo",8,10,11,31.8,70,72.7,41.9,47.9,15,18.5,33.2,54.1,63.8205465493989,138.820057559051,60.5336121909876,0.76844713938135,48.7443890694754,39.7891813376543,28.5418079426681,6.18995717945776
405,2025-10-29,"Mujer","38-42","Alto","SI","Medio",8,10,10,45.5,70,59.8,57.2,44.3,16.4,29,38.4,57.3,63.5767388559134,139.218236009505,56.8276759846722,-1.25495014974751,49.0376613660969,39.6652031780253,29.0003446782509,4.91325153082667
406,2025-10-31,"Hombre","33-37","Bajo","No","Bajo",7,8,10,13.9,70,56.4,44.9,50,17.5,21.7,22.4,54,64.2250199889069,140.383141144138,58.9455963499237,0.499976761236203,50.1221902370003,39.3425699897692,28.0226037048282,5.76806764338022
407,2025-10-31,"Hombre","33-37","Bajo","No","Medio",7,8,8,29.2,70,61.1,46.2,50,18.4,19.4,24.7,50.5,65.0259263496267,140.868820170272,55.9962468100793,0.903687921266591,51.6954699858803,39.6682249522183,31.5382797311409,6.98378690738101
408,2025-11-02,"Mujer","23-27","Bajo","SI","Bajo",9,10,10,37.4,70,58.7,33.5,50,11.3,27.6,32.1,68.7,66.47586916181,143.320567545344,61.0242754593344,-2.43600939381189,50.9378548831423,41.0976924643505,33.5572364822942,8.3282649429751
409,2025-11-02,"Hombre","18-22","Medio","SI","Medio",10,11,12,17.7,70,65.9,47.7,47.4,16.2,19.6,32.8,63.1,66.0617382864029,144.05826407692,68.3859265559555,2.39038167308014,49.0570546213026,40.7697368206923,32.8537809705895,9.64533841805808
410,2025-11-04,"Hombre","28-32","Bajo","No","Medio",7,10,11,17.4,70,66,33.6,50,15.1,23.7,31.1,49.5,67.1631430191561,142.947024982519,66.1466782213964,-2.1268406831985,49.8296039119233,39.0727354723579,31.9847045573693,8.58093291599106
411,2025-11-07,"Mujer","28-32","Bajo","No","Medio",8,9,12,22.6,70,63.1,38.2,50,14.9,23.6,22.9,64.7,68.6614415343139,140.109885746885,66.0053634858961,1.32952965491468,49.8749384391082,38.9322836018488,30.8001272574746,8.53423772548759
412,2025-11-07,"Hombre","18-22","Bajo","No","Alto",9,10,12,31.5,70,63.7,38.2,43,17.7,31.2,31.9,58.2,70.4172675683611,140.416781274477,71.3019948291445,-0.672015130669713,48.6149361438498,39.693107604062,30.8763997017369,7.76967213730858
413,2025-11-07,"Mujer","23-27","Bajo","No","Medio",9,10,12,39.9,70,74.1,48.4,49.5,23.3,23.3,25.9,56.5,71.4038281624661,142.143564075677,63.9932625279551,3.09010313912039,48.0851948180536,37.6672597844145,31.4900269027712,7.99347364852819
414,2025-11-07,"Mujer","23-27","Medio","No","Medio",6,8,9,28,70,71.6,49.3,50,18.3,21.2,21.9,58,72.881448764676,143.581210838769,60.4683192496801,-4.03368162893665,50.1110503634676,37.9802972309189,31.8252426369369,7.79496042871415
415,2025-11-08,"Hombre","23-27","Alto","SI","Medio",8,9,10,27.8,70,53.7,56.9,50,15.6,28.7,37.7,56.1,73.6016902108158,142.635592968923,63.5961733684491,-3.69992872597063,50.2036318246871,39.3396889260096,32.3276700915015,8.3090377371694
416,2025-11-09,"Mujer","38-42","Alto","No","Alto",9,10,11,35.7,70,65.7,43.6,40.6,15.8,21.5,40.5,42.1,74.931654726052,142.055278008564,57.9719853751184,-1.35951263756871,49.2787257187914,38.1929821748958,32.1581520435058,8.04528971043521
417,2025-11-13,"Hombre","23-27","Bajo","No","Bajo",10,10,12,29.4,70,59.1,31.5,50,10,31.4,27.8,50.9,75.2687756218868,141.828515019095,57.5307898377966,2.51073528046744,48.6858325590319,39.5825317484325,33.471041985964,9.97044314993995
418,2025-11-15,"Mujer","38-42","Medio","SI","Medio",7,7,9,10.3,70,65.8,50.6,50,19.4,15.6,24.7,48.8,76.3027835780476,141.542145476629,57.3825469420755,-1.8898317515394,50.4435857987673,38.698914880864,33.2221541087673,9.37824471210157
419,2025-11-16,"Hombre","28-32","Medio","SI","Alto",10,12,12,17.3,70,69.8,46,50,21,18.2,26.2,54.8,77.3076217758901,141.782676796364,60.9165321288919,1.55054603694193,48.7777772545816,39.4691103963424,34.7965177041682,10.0540009354234
420,2025-11-17,"Hombre","23-27","Bajo","No","Medio",7,9,9,29.3,70,60.5,38.3,50,15.4,22.1,35.2,68.4,79.0417041969058,141.441548714469,64.1394045464976,6.60626375886215,49.9293381072535,39.6928660510099,35.2559208389366,9.59244866392261
421,2025-11-18,"Mujer","23-27","Medio","No","Medio",8,11,11,31.1,70,62.7,38.5,50,19.7,21.2,26.2,60,79.4066479331591,141.154926711008,66.0099062433721,-3.02978852656133,49.4931933187426,41.1510921759414,33.0623417784669,7.97225933923577
422,2025-11-19,"Hombre","18-22","Medio","SI","Medio",7,7,9,12.6,70,82.8,38.4,50,12.9,23.3,19.1,58.7,79.5916620081807,140.895601480524,68.4716749207736,-2.77742974180712,50.9385052382938,41.0052090303445,31.9754070771162,7.88883827881807
423,2025-11-21,"Hombre","33-37","Bajo","No","Bajo",9,9,10,27.5,70,70,25,50,10,19.9,24.5,45.5,79.8229120351279,141.490221143487,67.6633055471714,-0.82919672286582,50.2641789182077,39.0824125643177,34.3225196251742,9.05077151250383
424,2025-11-22,"Mujer","28-32","Alto","No","Alto",8,9,10,26.9,70,66.7,52.5,50,25.4,19,26.9,55.8,79.5480085180588,141.787723712778,66.0661984288673,0.457240603151272,49.6389139091127,40.0176653161309,34.2960525308953,9.38829548936063
425,2025-11-22,"Mujer","28-32","Bajo","No","Medio",7,9,10,32.7,70,66.8,35.4,50,18.8,25.3,29.1,55.7,79.9021050709114,141.385331626068,63.1766784414371,3.14961732541781,50.9284329282705,39.2499295058513,35.4528232600009,10.2243851125639
426,2025-11-22,"Mujer","18-22","Medio","No","Alto",8,9,9,26.8,70,67.1,45.7,50,20.8,22.5,31.9,60.3,79.9719721131645,141.491188295838,65.807369898492,-1.84961574076054,50.5768546126784,41.4826842051603,34.7055330216174,8.99725010016425
427,2025-11-24,"Hombre","38-42","Medio","No","Bajo",7,7,9,19.2,70,51.1,39.8,50,16.3,30.1,23.9,57.4,80.107431851819,142.370865559994,61.7722091138438,3.20214990713205,52.447550931786,40.8155175406523,35.6467340697233,11.3752349520636
428,2025-11-24,"Mujer","33-37","Alto","SI","Alto",7,10,11,28.6,70,62,54.3,50,19.6,18.8,18,48.9,79.1707733939629,142.946040726722,63.3333939942294,4.49204027641287,51.323408123263,40.7165044880093,35.1551844947894,10.2516138140513
429,2025-11-25,"Mujer","23-27","Medio","No","Medio",7,9,11,27,70,65.6,39.7,50,13.4,18.3,34.6,54.8,80.7812954333638,144.375509504642,55.5603900218575,2.4424938593791,51.0002063545531,39.4319793508518,33.2723538918613,9.20601365691197
430,2025-11-29,"Mujer","23-27","Bajo","No","Bajo",6,7,7,31.4,70,66.8,25,45,14.3,26,37.4,60.8,80.2634615140306,144.894853298536,54.8287619679341,1.81541242024981,51.8036800348669,40.6508612736161,32.575070472098,7.20127696052759
431,2025-11-29,"Mujer","23-27","Bajo","No","Medio",9,9,10,19.1,70,66.1,35.9,50,17.3,21.5,28.3,58.7,78.1013206517444,143.034170891246,60.6859494878806,-1.27974935898094,50.8552663080815,38.9570823831501,34.4024112120912,8.68610105614171
432,2025-11-30,"Hombre","23-27","Bajo","No","Bajo",8,10,11,15.1,70,65.5,33.9,50,16,20.2,32.9,62.5,79.5476686822566,143.700936060354,63.8644310062813,-2.50238182092223,50.4058274998955,39.5089236168077,34.1015054303706,8.85564672838434
433,2025-12-05,"Hombre","23-27","Bajo","SI","Medio",8,10,10,25.7,70,70.9,36.7,50,19.7,16.8,40.1,64.8,79.1042297036242,144.547920020133,68.2255509415322,-1.35010745616477,50.0084253044447,40.9456863598115,34.9067465651421,8.83924626262926
434,2025-12-06,"Hombre","23-27","Bajo","No","Bajo",6,8,9,26.5,70,60.9,30.2,50,13.2,23.3,25.8,62.6,76.6440488481869,146.013894300213,68.9119014908706,-1.89890828167038,51.0562711078528,40.7460897621826,32.0727063585163,7.622017963324
435,2025-12-07,"Hombre","28-32","Medio","No","Medio",7,7,9,28.5,70,62.5,47.1,50,16.4,22.7,31,61.4,75.939439172535,145.780190880306,69.1029694420036,0.111409437622113,51.7522384235178,41.4555414840283,31.7796563469801,7.43408585332819
436,2025-12-08,"Hombre","38-42","Alto","No","Medio",7,8,10,14.5,70,61.7,48.7,50,17.9,14.7,25.5,57.3,74.9810236833536,142.694236445318,71.7839107671827,-1.92055339084996,51.6486223178133,40.8665311979776,31.3052133867676,7.25772682729207
437,2025-12-09,"Hombre","23-27","Medio","No","Bajo",8,10,10,29.5,70,70.7,44.8,50,16.6,24.3,21.6,65.4,72.9967816751337,140.661610293849,69.5254538774082,1.42540169524369,50.6109587968559,39.8029046534061,32.5058561895818,7.05181059661101
438,2025-12-10,"Mujer","18-22","Bajo","No","Bajo",7,10,10,33.4,70,82.2,42.7,50,17.4,19.5,38.8,63.3,73.6858011302062,141.799818757013,63.4842307517889,0.124778535116436,49.9603218372379,39.9882745651868,30.977822632098,5.78264243700799
439,2025-12-13,"Mujer","28-32","Bajo","SI","Bajo",9,9,11,27.8,70,71.5,33.2,47.6,13.7,18.8,33.3,64.8,71.1846317099416,143.342332028583,61.2434630543445,3.43375676707913,49.6855555983585,42.9280983322556,31.9118961385709,7.22622485400224
440,2025-12-13,"Hombre","18-22","Medio","No","Bajo",9,8,11,25.1,70,63.6,53.4,49.9,19.1,24.4,38.7,60.1,69.7271602455019,143.547851415742,58.5846929675611,-2.56683601514679,49.784039007651,40.4778071373756,32.2059997812178,8.05658915737737
441,2025-12-14,"Mujer","23-27","Medio","SI","Medio",8,9,10,29,70,72.3,39.2,50,16.9,16.6,33.3,64.2,69.2046902691984,142.471055995336,61.7802421094947,-2.78758574657694,50.6693730259832,40.7634119305158,35.3285176776019,9.55736733479965
442,2025-12-15,"Mujer","33-37","Bajo","SI","Bajo",8,8,10,33.3,70,69.5,41.1,50,17,33.4,33,57.7,68.7294927314367,144.63401127773,60.5080882076472,-3.33427415709311,50.5598201023997,41.4984202102718,33.9125735668308,9.18744878089586
443,2025-12-17,"Mujer","23-27","Bajo","SI","Bajo",6,8,9,45,69.8,81.1,32.6,49.6,12.1,31.2,33.7,52.7,66.931693620384,145.127935760781,61.0574563277713,0.122303700947315,52.0156879947134,40.9896564027514,34.4704118976781,9.04749449116091
444,2025-12-19,"Mujer","18-22","Bajo","SI","Bajo",7,9,9,23.6,70,73.3,35.8,50,14.8,26.8,25.6,70,66.2015534834097,144.340145505789,66.0441613105545,-5.29960400819891,52.0808259420928,41.0934100508982,35.7001047613075,9.32726650506553
445,2025-12-20,"Hombre","28-32","Bajo","SI","Bajo",7,9,10,12.4,70,62.5,35,50,14.6,24.4,26.4,54.8,68.1673152706325,143.275789630842,67.6386836468774,-1.28593918575872,51.2336813590497,41.5575917483456,34.0626644779682,8.33869088649973
446,2025-12-22,"Hombre","23-27","Medio","No","Bajo",7,8,10,15.3,70,57.4,32.3,50,10,18,24.6,69,65.7901431383942,143.874547738516,68.9941438704596,-2.0324358095286,51.6687678279509,41.7171326365764,33.2341807946647,8.65295178845725
447,2025-12-23,"Mujer","23-27","Alto","No","Medio",8,9,11,21.3,70,67.6,41.9,50,14.2,18.9,28.8,57.1,67.4564902690353,145.62462435714,72.5154346213406,-3.73884473855521,51.0517135530808,42.2225398670655,33.7840004940415,8.90672592095453
448,2025-12-26,"Mujer","18-22","Alto","No","Alto",6,10,9,10,70,72.7,45.6,50,18.6,17.6,22.2,64.9,66.3802386425201,144.968814946107,70.4134549282083,-1.23178781140587,51.7754055620356,43.2211513425091,34.1692290403261,7.60070734349416
449,2025-12-28,"Hombre","38-42","Bajo","No","Medio",7,8,10,37.6,70,59.5,36.3,46.6,22.8,19.9,32.6,53.4,65.9632201580079,145.040313188059,69.6267974184039,-1.33150585079463,51.7952719494469,41.4297601605675,32.6697703887282,8.29991943082648
450,2025-12-30,"Hombre","28-32","Medio","No","Medio",7,9,11,42.6,67.4,66.6,38.5,38.7,14.7,35.6,38.1,61.7,64.2695019174724,145.874858865859,66.8243556261505,4.68987443740209,50.8687244934047,41.1794211635446,29.6634341814028,5.8079373954534
